Time[msec],Time[Ticks],GazeX,GazeY,Diameter,LCalib,LFound,LX,LY,LD,RCalib,RFound,RX,RY,RD,Lost
46.875,634251700246406250,379,420,2.8,1,1,380,431,2.8,1,1,379,410,2.8,False
46.875,634251700246406250,379,421,2.8,1,1,380,433,2.8,1,1,378,410,2.8,False
62.5,634251700246562500,378,421,2.8,1,1,380,433,2.8,1,1,377,410,2.8,False
78.125,634251700246718750,378,426,2.8,1,1,380,433,2.8,1,1,377,419,2.8,False
109.375,634251700247031250,378,426,2.8,1,1,380,433,2.8,1,1,376,419,2.8,False
125,634251700247187500,376,426,2.8,1,1,376,433,2.8,1,1,376,419,2.8,False
140.625,634251700247343750,376,421,2.8,1,1,376,432,2.8,1,1,376,410,2.8,False
171.875,634251700247656250,376,412,2.8,1,1,376,415,2.8,1,1,376,410,2.8,False
187.5,634251700247812500,374,412,2.8,1,1,373,415,2.8,1,1,376,410,2.8,False
203.125,634251700247968750,360,402,2.8,1,1,362,415,2.8,1,1,359,390,2.8,False
234.375,634251700248281250,341,389,2.8,1,1,347,405,2.8,1,1,335,374,2.8,False
250,634251700248437500,333,386,2.8,1,1,331,405,2.8,1,1,335,368,2.8,False
265.625,634251700248593750,331,379,2.8,1,1,328,394,2.8,1,1,335,364,2.8,False
296.875,634251700248906250,329,376,2.8,1,1,328,393,2.8,1,1,330,360,2.8,False
312.5,634251700249062500,328,375,2.8,1,1,326,393,2.8,1,1,330,358,2.8,False
328.125,634251700249218750,328,372,2.8,1,1,326,387,2.8,1,1,330,358,2.8,False
359.375,634251700249531250,328,372,2.8,1,1,326,387,2.8,1,1,330,358,2.8,False
375,634251700249687500,328,372,2.8,1,1,326,387,2.8,1,1,330,358,2.8,False
390.625,634251700249843750,325,372,2.8,1,1,326,387,2.8,1,1,324,357,2.8,False
421.875,634251700250156250,329,372,2.8,1,1,328,387,2.8,1,1,330,358,2.8,False
437.5,634251700250312500,329,366,2.8,1,1,328,375,2.8,1,1,330,358,2.8,False
453.125,634251700250468750,329,365,2.8,1,1,329,373,2.8,1,1,330,357,2.8,False
484.375,634251700250781250,328,369,2.8,1,1,329,375,2.8,1,1,328,364,2.8,False
500,634251700250937500,328,376,2.8,1,1,329,387,2.8,1,1,328,365,2.8,False
515.625,634251700251093750,326,383,2.8,1,1,329,395,2.8,1,1,323,371,2.8,False
546.875,634251700251406250,324,386,2.8,1,1,328,401,2.8,1,1,321,371,2.8,False
562.5,634251700251562500,320,388,2.8,1,1,324,405,2.8,1,1,317,371,2.8,False
578.125,634251700251718750,238,401,2.8,1,1,244,427,2.8,1,1,232,375,2.8,False
609.375,634251700252031250,205,415,2.8,1,1,217,448,2.8,1,1,194,383,2.8,False
625,634251700252187500,195,416,2.8,1,1,202,450,2.8,1,1,188,383,2.8,False
640.625,634251700252343750,191,419,2.8,1,1,194,456,2.8,1,1,188,383,2.8,False
671.875,634251700252656250,188,426,2.8,1,1,189,456,2.8,1,1,187,397,2.8,False
687.5,634251700252812500,187,432,2.8,1,1,188,468,2.8,1,1,186,397,2.8,False
703.125,634251700252968750,187,433,2.8,1,1,188,468,2.8,1,1,186,399,2.8,False
734.375,634251700253281250,187,432,2.8,1,1,188,468,2.8,1,1,186,397,2.8,False
750,634251700253437500,186,439,2.8,1,1,187,480,2.8,1,1,186,399,2.8,False
765.625,634251700253593750,185,442,2.8,1,1,187,480,2.8,1,1,184,404,2.8,False
796.875,634251700253906250,185,446,2.8,1,1,186,480,2.8,1,1,184,412,2.8,False
812.5,634251700254062500,182,448,2.8,1,1,185,484,2.8,1,1,179,412,2.8,False
828.125,634251700254218750,173,495,2.8,1,1,168,500,2.8,1,1,178,490,2.8,False
859.375,634251700254531250,161,531,2.8,1,1,158,572,2.8,1,1,164,490,2.8,False
875,634251700254687500,156,540,2.8,1,1,156,578,2.8,1,1,156,503,2.8,False
890.625,634251700254843750,156,545,2.8,1,1,156,580,2.8,1,1,156,510,2.8,False
921.875,634251700255156250,156,545,2.8,1,1,156,580,2.8,1,1,156,510,2.8,False
937.5,634251700255312500,156,545,2.8,1,1,156,580,2.8,1,1,156,510,2.8,False
953.125,634251700255468750,154,550,2.8,1,1,156,588,2.8,1,1,153,512,2.8,False
984.375,634251700255781250,151,550,2.8,1,1,156,588,2.8,1,1,147,512,2.8,False
1000,634251700255937500,151,552,2.8,1,1,155,590,2.8,1,1,147,515,2.8,False
1015.625,634251700256093750,147,551,2.8,1,1,154,590,2.8,1,1,140,512,2.8,False
1046.875,634251700256406250,138,551,2.8,1,1,142,590,2.8,1,1,135,512,2.8,False
1062.5,634251700256562500,110,551,2.8,1,1,108,590,2.8,1,1,113,512,2.8,False
1078.125,634251700256718750,110,549,2.8,1,1,107,581,2.8,1,1,113,517,2.8,False
1109.375,634251700257031250,110,545,2.8,1,1,107,581,2.8,1,1,113,510,2.8,False
1125,634251700257187500,109,544,2.8,1,1,107,585,2.8,1,1,111,503,2.8,False
1140.625,634251700257343750,105,544,2.8,1,1,107,585,2.8,1,1,103,503,2.8,False
1171.875,634251700257656250,105,539,2.8,1,1,107,581,2.8,1,1,103,498,2.8,False
1187.5,634251700257812500,105,541,2.8,1,1,108,585,2.8,1,1,103,498,2.8,False
1203.125,634251700257968750,105,533,2.8,1,1,109,569,2.8,1,1,101,498,2.8,False
1234.375,634251700258281250,105,541,2.8,1,1,110,584,2.8,1,1,101,498,2.8,False
1250,634251700258437500,106,541,2.8,1,1,113,585,2.8,1,1,100,498,2.8,False
1265.625,634251700258593750,107,541,2.8,1,1,113,585,2.8,1,1,101,498,2.8,False
1296.875,634251700258906250,106,541,2.8,1,1,113,585,2.8,1,1,100,498,2.8,False
1312.5,634251700259062500,106,552,2.8,1,1,113,584,2.8,1,1,99,520,2.8,False
1328.125,634251700259218750,104,552,2.8,1,1,110,584,2.8,1,1,98,521,2.8,False
1359.375,634251700259531250,100,553,2.8,1,1,104,582,2.8,1,1,97,524,2.8,False
1375,634251700259687500,98,554,2.8,1,1,102,584,2.8,1,1,95,525,2.8,False
1390.625,634251700259843750,94,556,2.8,1,1,94,584,2.8,1,1,95,528,2.8,False
1421.875,634251700260156250,91,569,2.8,1,1,93,600,2.8,1,1,90,539,2.8,False
1437.5,634251700260312500,80,580,2.8,1,1,83,600,2.8,1,1,77,560,2.8,False
1453.125,634251700260468750,78,585,2.8,1,1,79,611,2.8,1,1,77,560,2.8,False
1484.375,634251700260781250,72,587,2.8,1,1,74,614,2.8,1,1,71,560,2.8,False
1500,634251700260937500,71,588,2.8,1,1,73,617,2.8,1,1,69,560,2.8,False
1515.625,634251700261093750,70,588,2.8,1,1,72,617,2.8,1,1,69,560,2.8,False
1546.875,634251700261406250,70,587,2.8,1,1,72,614,2.8,1,1,69,560,2.8,False
1562.5,634251700261562500,71,587,2.8,1,1,71,614,2.8,1,1,71,560,2.8,False
1578.125,634251700261718750,69,588,2.8,1,1,70,617,2.8,1,1,69,560,2.8,False
1609.375,634251700262031250,69,589,2.8,1,1,70,620,2.8,1,1,69,558,2.8,False
1625,634251700262187500,68,590,2.8,1,1,68,622,2.8,1,1,69,558,2.8,False
1640.625,634251700262343750,66,590,2.8,1,1,65,623,2.8,1,1,67,558,2.8,False
1671.875,634251700262656250,63,598,2.8,1,1,62,623,2.8,1,1,65,573,2.8,False
1687.5,634251700262812500,58,598,2.8,1,1,58,624,2.8,1,1,58,573,2.8,False
1703.125,634251700262968750,57,598,2.8,1,1,57,624,2.8,1,1,57,573,2.8,False
1734.375,634251700263281250,53,603,2.8,1,1,53,629,2.8,1,1,54,578,2.8,False
1750,634251700263437500,53,601,2.8,1,1,53,629,2.8,1,1,53,573,2.8,False
1765.625,634251700263593750,53,601,2.8,1,1,53,629,2.8,1,1,53,573,2.8,False
1796.875,634251700263906250,52,604,2.8,1,1,53,631,2.8,1,1,52,578,2.8,False
1812.5,634251700264062500,55,604,2.8,1,1,59,631,2.8,1,1,52,578,2.8,False
1828.125,634251700264218750,54,604,2.8,1,1,56,631,2.8,1,1,53,578,2.8,False
1859.375,634251700264531250,54,604,2.8,1,1,56,631,2.8,1,1,53,578,2.8,False
1875,634251700264687500,56,600,2.8,1,1,59,631,2.8,1,1,54,569,2.8,False
1890.625,634251700264843750,59,600,2.8,1,1,62,631,2.8,1,1,56,569,2.8,False
1921.875,634251700265156250,62,600,2.8,1,1,68,631,2.8,1,1,56,569,2.8,False
1937.5,634251700265312500,64,594,2.8,1,1,69,629,2.8,1,1,60,560,2.8,False
1953.125,634251700265468750,70,594,2.8,1,1,73,629,2.8,1,1,67,560,2.8,False
1984.375,634251700265781250,74,585,2.8,1,1,81,617,2.8,1,1,68,553,2.8,False
2000,634251700265937500,75,585,2.8,1,1,81,617,2.8,1,1,70,553,2.8,False
2015.625,634251700266093750,85,584,2.8,1,1,91,617,2.8,1,1,79,551,2.8,False
2046.875,634251700266406250,88,582,2.8,1,1,97,617,2.8,1,1,79,548,2.8,False
2062.5,634251700266562500,88,576,2.8,1,1,97,611,2.8,1,1,79,542,2.8,False
2093.75,634251700266875000,89,579,2.8,1,1,97,617,2.8,1,1,81,542,2.8,False
2109.375,634251700267031250,89,581,2.8,1,1,98,621,2.8,1,1,81,542,2.8,False
2125,634251700267187500,91,584,2.8,1,1,99,621,2.8,1,1,84,548,2.8,False
2140.625,634251700267343750,95,586,2.8,1,1,101,621,2.8,1,1,89,552,2.8,False
2171.875,634251700267656250,215,588,2.8,1,1,216,621,2.8,1,1,215,556,2.8,False
2187.5,634251700267812500,246,595,2.8,1,1,255,621,2.8,1,1,237,569,2.8,False
2203.125,634251700267968750,248,594,2.8,1,1,256,614,2.8,1,1,241,574,2.8,False
2234.375,634251700268281250,249,594,2.8,1,1,257,612,2.8,1,1,242,577,2.8,False
2250,634251700268437500,251,593,2.8,1,1,257,609,2.8,1,1,245,577,2.8,False
2281.25,634251700268750000,252,595,2.8,1,1,257,611,2.8,1,1,248,580,2.8,False
2296.875,634251700268906250,252,599,2.8,1,1,257,611,2.8,1,1,248,587,2.8,False
2312.5,634251700269062500,252,599,2.8,1,1,257,611,2.8,1,1,248,587,2.8,False
2328.125,634251700269218750,255,600,2.8,1,1,258,612,2.8,1,1,252,588,2.8,False
2359.375,634251700269531250,254,601,2.8,1,1,257,614,2.8,1,1,252,588,2.8,False
2375,634251700269687500,254,600,2.8,1,1,257,614,2.8,1,1,252,587,2.8,False
2390.625,634251700269843750,253,607,2.8,1,1,257,627,2.8,1,1,250,587,2.8,False
2421.875,634251700270156250,252,609,2.8,1,1,257,632,2.8,1,1,248,587,2.8,False
2437.5,634251700270312500,254,610,2.8,1,1,258,632,2.8,1,1,250,588,2.8,False
2468.75,634251700270625000,257,610,2.8,1,1,264,632,2.8,1,1,250,588,2.8,False
2484.375,634251700270781250,259,609,2.8,1,1,266,632,2.8,1,1,253,587,2.8,False
2500,634251700270937500,260,608,2.8,1,1,268,630,2.8,1,1,253,586,2.8,False
2515.625,634251700271093750,311,608,2.8,1,1,316,630,2.8,1,1,306,587,2.8,False
2546.875,634251700271406250,314,606,2.8,1,1,318,627,2.8,1,1,310,586,2.8,False
2562.5,634251700271562500,314,607,2.8,1,1,318,630,2.8,1,1,310,584,2.8,False
2578.125,634251700271718750,314,607,2.8,1,1,318,630,2.8,1,1,310,584,2.8,False
2609.375,634251700272031250,314,600,2.8,1,1,318,618,2.8,1,1,310,583,2.8,False
2625,634251700272187500,314,597,2.8,1,1,318,616,2.8,1,1,310,579,2.8,False
2656.25,634251700272500000,313,594,2.8,1,1,317,613,2.8,1,1,310,576,2.8,False
2671.875,634251700272656250,313,593,2.8,1,1,316,610,2.8,1,1,310,576,2.8,False
2687.5,634251700272812500,307,539,2.8,1,1,306,557,2.8,1,1,308,521,2.8,False
2703.125,634251700272968750,305,520,2.8,1,1,304,546,2.8,1,1,306,494,2.8,False
2734.375,634251700273281250,303,510,2.8,1,1,303,529,2.8,1,1,303,491,2.8,False
2750,634251700273437500,302,510,2.8,1,1,302,529,2.8,1,1,302,491,2.8,False
2765.625,634251700273593750,300,505,2.8,1,1,302,526,2.8,1,1,299,484,2.8,False
2796.875,634251700273906250,300,499,2.8,1,1,302,523,2.8,1,1,299,476,2.8,False
2812.5,634251700274062500,300,493,2.8,1,1,302,523,2.8,1,1,299,463,2.8,False
2828.125,634251700274218750,299,491,2.8,1,1,301,522,2.8,1,1,297,460,2.8,False
2859.375,634251700274531250,297,491,2.8,1,1,297,522,2.8,1,1,297,460,2.8,False
2875,634251700274687500,296,492,2.8,1,1,296,522,2.8,1,1,297,462,2.8,False
2890.625,634251700274843750,296,501,2.8,1,1,296,540,2.8,1,1,297,463,2.8,False
2921.875,634251700275156250,296,492,2.8,1,1,296,522,2.8,1,1,297,463,2.8,False
2937.5,634251700275312500,296,501,2.8,1,1,296,540,2.8,1,1,297,463,2.8,False
2953.125,634251700275468750,295,492,2.8,1,1,294,522,2.8,1,1,297,463,2.8,False
2984.375,634251700275781250,296,501,2.8,1,1,294,540,2.8,1,1,299,462,2.8,False
3000,634251700275937500,296,501,2.8,1,1,294,540,2.8,1,1,299,462,2.8,False
3015.625,634251700276093750,296,501,2.8,1,1,293,540,2.8,1,1,300,462,2.8,False
3046.875,634251700276406250,297,501,2.8,1,1,293,540,2.8,1,1,301,462,2.8,False
3062.5,634251700276562500,297,492,2.8,1,1,293,522,2.8,1,1,301,462,2.8,False
3078.125,634251700276718750,297,486,2.8,1,1,294,511,2.8,1,1,301,461,2.8,False
3109.375,634251700277031250,297,485,2.8,1,1,294,511,2.8,1,1,301,460,2.8,False
3125,634251700277187500,297,482,2.8,1,1,294,505,2.8,1,1,301,460,2.8,False
3140.625,634251700277343750,297,478,2.8,1,1,294,499,2.8,1,1,300,457,2.8,False
3171.875,634251700277656250,297,481,2.8,1,1,295,505,2.8,1,1,300,457,2.8,False
3187.5,634251700277812500,298,482,2.8,1,1,296,505,2.8,1,1,301,460,2.8,False
3203.125,634251700277968750,299,486,2.8,1,1,297,511,2.8,1,1,302,461,2.8,False
3234.375,634251700278281250,300,504,2.8,1,1,298,526,2.8,1,1,302,483,2.8,False
3250,634251700278437500,314,543,2.8,1,1,312,529,2.8,1,1,317,558,2.8,False
3265.625,634251700278593750,316,596,2.8,1,1,312,623,2.8,1,1,321,570,2.8,False
3296.875,634251700278906250,317,601,2.8,1,1,312,630,2.8,1,1,323,573,2.8,False
3312.5,634251700279062500,317,605,2.8,1,1,312,636,2.8,1,1,323,575,2.8,False
3328.125,634251700279218750,318,610,2.8,1,1,313,636,2.8,1,1,323,585,2.8,False
3359.375,634251700279531250,320,611,2.8,1,1,316,636,2.8,1,1,325,586,2.8,False
3375,634251700279687500,322,610,2.8,1,1,316,636,2.8,1,1,329,585,2.8,False
3390.625,634251700279843750,322,610,2.8,1,1,316,636,2.8,1,1,329,585,2.8,False
3421.875,634251700280156250,322,615,2.8,1,1,316,637,2.8,1,1,329,594,2.8,False
3437.5,634251700280312500,322,615,2.8,1,1,315,636,2.8,1,1,329,594,2.8,False
3453.125,634251700280468750,322,613,2.8,1,1,315,633,2.8,1,1,329,594,2.8,False
3484.375,634251700280781250,323,609,2.8,1,1,316,632,2.8,1,1,330,587,2.8,False
3500,634251700280937500,325,610,2.8,1,1,320,633,2.8,1,1,330,587,2.8,False
3515.625,634251700281093750,332,613,2.8,1,1,326,633,2.8,1,1,338,594,2.8,False
3546.875,634251700281406250,335,612,2.8,1,1,331,637,2.8,1,1,340,587,2.8,False
3562.5,634251700281562500,338,611,2.8,1,1,333,637,2.8,1,1,344,586,2.8,False
3578.125,634251700281718750,339,609,2.8,1,1,334,633,2.8,1,1,344,586,2.8,False
3609.375,634251700282031250,340,609,2.8,1,1,334,633,2.8,1,1,347,586,2.8,False
3625,634251700282187500,340,608,2.8,1,1,334,631,2.8,1,1,347,586,2.8,False
3640.625,634251700282343750,341,609,2.8,1,1,334,631,2.8,1,1,349,587,2.8,False
3671.875,634251700282656250,341,612,2.8,1,1,333,631,2.8,1,1,349,594,2.8,False
3687.5,634251700282812500,340,615,2.8,1,1,331,631,2.8,1,1,349,599,2.8,False
3703.125,634251700282968750,339,615,2.8,1,1,332,631,2.8,1,1,347,599,2.8,False
3734.375,634251700283281250,339,615,2.8,1,1,331,631,2.8,1,1,347,599,2.8,False
3750,634251700283437500,339,615,2.8,1,1,331,631,2.8,1,1,347,600,2.8,False
3765.625,634251700283593750,340,615,2.8,1,1,331,631,2.8,1,1,350,600,2.8,False
3796.875,634251700283906250,340,623,2.8,1,1,331,647,2.8,1,1,350,600,2.8,False
3812.5,634251700284062500,339,623,2.8,1,1,331,647,2.8,1,1,347,600,2.8,False
3828.125,634251700284218750,339,623,2.8,1,1,331,647,2.8,1,1,347,599,2.8,False
3859.375,634251700284531250,339,623,2.8,1,1,332,647,2.8,1,1,347,599,2.8,False
3875,634251700284687500,340,623,2.8,1,1,333,647,2.8,1,1,347,599,2.8,False
3890.625,634251700284843750,340,616,2.8,1,1,334,633,2.8,1,1,347,599,2.8,False
3921.875,634251700285156250,344,617,2.8,1,1,342,633,2.8,1,1,347,602,2.8,False
3937.5,634251700285312500,344,618,2.8,1,1,342,633,2.8,1,1,347,604,2.8,False
3953.125,634251700285468750,344,616,2.8,1,1,342,633,2.8,1,1,347,599,2.8,False
3984.375,634251700285781250,341,618,2.8,1,1,342,633,2.8,1,1,341,603,2.8,False
4000,634251700285937500,342,618,2.8,1,1,341,633,2.8,1,1,343,603,2.8,False
4015.625,634251700286093750,342,618,2.8,1,1,342,633,2.8,1,1,343,603,2.8,False
4046.875,634251700286406250,341,618,2.8,1,1,342,633,2.8,1,1,341,603,2.8,False
4062.5,634251700286562500,341,618,2.8,1,1,341,633,2.8,1,1,342,603,2.8,False
4078.125,634251700286718750,341,611,2.8,1,1,342,633,2.8,1,1,341,590,2.8,False
4109.375,634251700287031250,343,609,2.8,1,1,344,635,2.8,1,1,342,584,2.8,False
4125,634251700287187500,343,606,2.8,1,1,344,637,2.8,1,1,342,576,2.8,False
4140.625,634251700287343750,343,618,2.8,1,1,344,661,2.8,1,1,342,576,2.8,False
4171.875,634251700287656250,340,618,2.8,1,1,341,661,2.8,1,1,339,576,2.8,False
4187.5,634251700287812500,339,604,2.8,1,1,340,635,2.8,1,1,339,573,2.8,False
4203.125,634251700287968750,339,613,2.8,1,1,340,651,2.8,1,1,338,576,2.8,False
4234.375,634251700288281250,338,624,2.8,1,1,340,662,2.8,1,1,337,586,2.8,False
4250,634251700288437500,334,612,2.8,1,1,336,651,2.8,1,1,332,574,2.8,False
4265.625,634251700288593750,333,624,2.8,1,1,336,662,2.8,1,1,331,586,2.8,False
4296.875,634251700288906250,325,625,2.8,1,1,329,662,2.8,1,1,321,589,2.8,False
4312.5,634251700289062500,325,627,2.8,1,1,329,654,2.8,1,1,321,600,2.8,False
4328.125,634251700289218750,322,635,2.8,1,1,324,654,2.8,1,1,321,616,2.8,False
4359.375,634251700289531250,321,635,2.8,1,1,321,654,2.8,1,1,321,616,2.8,False
4375,634251700289687500,320,636,2.8,1,1,321,654,2.8,1,1,320,619,2.8,False
4390.625,634251700289843750,321,642,2.8,1,1,321,661,2.8,1,1,321,623,2.8,False
4421.875,634251700290156250,322,655,2.8,1,1,324,683,2.8,1,1,321,627,2.8,False
4437.5,634251700290312500,326,657,2.8,1,1,329,683,2.8,1,1,324,632,2.8,False
4453.125,634251700290468750,330,664,2.8,1,1,335,694,2.8,1,1,326,635,2.8,False
4484.375,634251700290781250,414,681,2.8,1,1,407,694,2.8,1,1,421,669,2.8,False
4500,634251700290937500,424,685,2.8,1,1,427,694,2.8,1,1,422,676,2.8,False
4515.625,634251700291093750,425,685,2.8,1,1,428,694,2.8,1,1,422,676,2.8,False
4546.875,634251700291406250,425,689,2.8,1,1,428,695,2.8,1,1,422,684,2.8,False
4562.5,634251700291562500,425,689,2.8,1,1,428,694,2.8,1,1,422,685,2.8,False
4578.125,634251700291718750,425,689,2.8,1,1,428,694,2.8,1,1,422,685,2.8,False
4609.375,634251700292031250,425,689,2.8,1,1,428,694,2.8,1,1,422,684,2.8,False
4625,634251700292187500,424,692,2.8,1,1,427,695,2.8,1,1,421,689,2.8,False
4656.25,634251700292500000,425,692,2.8,1,1,428,695,2.8,1,1,422,689,2.8,False
4671.875,634251700292656250,424,692,2.8,1,1,426,695,2.8,1,1,422,689,2.8,False
4687.5,634251700292812500,423,696,2.8,1,1,425,706,2.8,1,1,422,686,2.8,False
4703.125,634251700292968750,423,697,2.8,1,1,425,706,2.8,1,1,422,689,2.8,False
4734.375,634251700293281250,425,700,2.8,1,1,424,707,2.8,1,1,426,694,2.8,False
4750,634251700293437500,425,698,2.8,1,1,424,707,2.8,1,1,426,689,2.8,False
4765.625,634251700293593750,425,703,2.8,1,1,424,721,2.8,1,1,426,686,2.8,False
4796.875,634251700293906250,426,704,2.8,1,1,424,722,2.8,1,1,428,686,2.8,False
4812.5,634251700294062500,426,712,2.8,1,1,424,730,2.8,1,1,429,694,2.8,False
4828.125,634251700294218750,426,708,2.8,1,1,424,730,2.8,1,1,429,686,2.8,False
4859.375,634251700294531250,426,708,2.8,1,1,424,730,2.8,1,1,428,686,2.8,False
4875,634251700294687500,425,712,2.8,1,1,424,735,2.8,1,1,427,689,2.8,False
4890.625,634251700294843750,424,712,2.8,1,1,422,735,2.8,1,1,427,689,2.8,False
4921.875,634251700295156250,425,712,2.8,1,1,422,736,2.8,1,1,428,689,2.8,False
4937.5,634251700295312500,426,715,2.8,1,1,422,742,2.8,1,1,430,689,2.8,False
4953.125,634251700295468750,427,719,2.8,1,1,424,750,2.8,1,1,430,689,2.8,False
4984.375,634251700295781250,432,719,2.8,1,1,430,750,2.8,1,1,434,689,2.8,False
5000,634251700295937500,435,720,2.8,1,1,435,751,2.8,1,1,435,689,2.8,False
5031.25,634251700296250000,485,715,2.8,1,1,487,742,2.8,1,1,483,689,2.8,False
5046.875,634251700296406250,485,715,2.8,1,1,487,742,2.8,1,1,483,689,2.8,False
5062.5,634251700296562500,489,724,2.8,1,1,488,751,2.8,1,1,491,698,2.8,False
5078.125,634251700296718750,492,724,2.8,1,1,492,751,2.8,1,1,492,698,2.8,False
5109.375,634251700297031250,496,724,2.8,1,1,498,751,2.8,1,1,495,698,2.8,False
5125,634251700297187500,498,722,2.8,1,1,500,748,2.8,1,1,497,697,2.8,False
5140.625,634251700297343750,498,725,2.8,1,1,500,754,2.8,1,1,497,697,2.8,False
5171.875,634251700297656250,499,725,2.8,1,1,500,754,2.8,1,1,499,697,2.8,False
5187.5,634251700297812500,-9999,-9999,2.8,1,1,510,754,2.8,1,0,499,697,2.8,True
5203.125,634251700297968750,511,725,2.8,1,1,511,748,2.8,1,1,511,702,2.8,False
5234.375,634251700298281250,-9999,-9999,2.8,1,0,511,748,2.8,1,1,679,698,2.8,True
5250,634251700298437500,701,727,2.8,1,1,706,757,2.8,1,1,697,698,2.8,False
5265.625,634251700298593750,-9999,-9999,2.8,1,0,706,757,2.8,1,0,697,698,2.8,True
5296.875,634251700298906250,712,727,2.8,1,1,709,757,2.8,1,1,716,697,2.8,False
5312.5,634251700299062500,-9999,-9999,2.8,1,1,709,760,2.8,1,0,716,697,2.8,True
5328.125,634251700299218750,714,727,2.8,1,1,710,761,2.8,1,1,719,694,2.8,False
5359.375,634251700299531250,-9999,-9999,2.8,1,1,716,762,2.8,1,0,719,694,2.8,True
5375,634251700299687500,-9999,-9999,2.8,1,1,716,762,2.8,1,0,719,694,2.8,True
5390.625,634251700299843750,717,738,2.8,1,1,716,762,2.8,1,1,719,715,2.8,False
5421.875,634251700300156250,719,736,2.8,1,1,718,762,2.8,1,1,720,711,2.8,False
5437.5,634251700300312500,718,734,2.8,1,1,718,762,2.8,1,1,719,707,2.8,False
5468.75,634251700300625000,718,737,2.8,1,1,718,764,2.8,1,1,719,711,2.8,False
5484.375,634251700300781250,718,739,2.8,1,1,718,764,2.8,1,1,719,714,2.8,False
5500,634251700300937500,718,739,2.8,1,1,718,764,2.8,1,1,719,714,2.8,False
5531.25,634251700301250000,719,737,2.8,1,1,718,764,2.8,1,1,721,711,2.8,False
5546.875,634251700301406250,720,738,2.8,1,1,718,764,2.8,1,1,722,713,2.8,False
5562.5,634251700301562500,721,739,2.8,1,1,718,768,2.8,1,1,725,711,2.8,False
5578.125,634251700301718750,721,739,2.8,1,1,718,770,2.8,1,1,725,709,2.8,False
5609.375,634251700302031250,721,741,2.8,1,1,718,773,2.8,1,1,725,709,2.8,False
5625,634251700302187500,726,741,2.8,1,1,718,773,2.8,1,1,734,709,2.8,False
5640.625,634251700302343750,729,743,2.8,1,1,721,774,2.8,1,1,738,713,2.8,False
5671.875,634251700302656250,730,744,2.8,1,1,721,775,2.8,1,1,740,713,2.8,False
5687.5,634251700302812500,733,746,2.8,1,1,721,779,2.8,1,1,745,713,2.8,False
5703.125,634251700302968750,746,760,2.8,1,1,747,787,2.8,1,1,745,733,2.8,False
5734.375,634251700303281250,752,763,2.8,1,1,748,789,2.8,1,1,757,738,2.8,False
5750,634251700303437500,753,774,2.8,1,1,750,800,2.8,1,1,757,748,2.8,False
5765.625,634251700303593750,754,774,2.8,1,1,750,800,2.8,1,1,759,748,2.8,False
5796.875,634251700303906250,756,775,2.8,1,1,752,800,2.8,1,1,760,751,2.8,False
5812.5,634251700304062500,756,775,2.8,1,1,752,800,2.8,1,1,760,751,2.8,False
5828.125,634251700304218750,755,772,2.8,1,1,751,790,2.8,1,1,760,754,2.8,False
5859.375,634251700304531250,753,770,2.8,1,1,750,789,2.8,1,1,757,751,2.8,False
5875,634251700304687500,754,770,2.8,1,1,751,789,2.8,1,1,757,751,2.8,False
5890.625,634251700304843750,754,770,2.8,1,1,751,789,2.8,1,1,757,751,2.8,False
5921.875,634251700305156250,754,770,2.8,1,1,751,789,2.8,1,1,757,751,2.8,False
5937.5,634251700305312500,752,770,2.8,1,1,751,790,2.8,1,1,753,751,2.8,False
5953.125,634251700305468750,-9999,-9999,2.8,1,1,751,790,2.8,1,0,753,751,2.8,True
5984.375,634251700305781250,752,773,2.8,1,1,751,791,2.8,1,1,753,756,2.8,False
6000,634251700305937500,-9999,-9999,2.8,1,1,750,791,2.8,1,0,753,756,2.8,True
6015.625,634251700306093750,750,772,2.8,1,1,750,791,2.8,1,1,751,754,2.8,False
6046.875,634251700306406250,749,768,2.8,1,1,750,791,2.8,1,1,749,745,2.8,False
6062.5,634251700306562500,749,768,2.8,1,1,750,791,2.8,1,1,749,745,2.8,False
6078.125,634251700306718750,747,767,2.8,1,1,747,791,2.8,1,1,747,743,2.8,False
6109.375,634251700307031250,677,667,2.8,1,1,675,667,2.8,1,1,679,667,2.8,False
6125,634251700307187500,676,576,2.8,1,1,674,602,2.8,1,1,678,550,2.8,False
6140.625,634251700307343750,675,573,2.8,1,1,672,599,2.8,1,1,678,548,2.8,False
6171.875,634251700307656250,673,572,2.8,1,1,668,596,2.8,1,1,678,548,2.8,False
6187.5,634251700307812500,671,568,2.8,1,1,665,593,2.8,1,1,678,544,2.8,False
6203.125,634251700307968750,673,566,2.8,1,1,668,589,2.8,1,1,678,544,2.8,False
6234.375,634251700308281250,673,565,2.8,1,1,668,587,2.8,1,1,678,543,2.8,False
6250,634251700308437500,671,565,2.8,1,1,665,587,2.8,1,1,678,543,2.8,False
6265.625,634251700308593750,671,566,2.8,1,1,665,587,2.8,1,1,678,546,2.8,False
6296.875,634251700308906250,671,568,2.8,1,1,665,587,2.8,1,1,678,550,2.8,False
6312.5,634251700309062500,673,561,2.8,1,1,668,577,2.8,1,1,678,546,2.8,False
6328.125,634251700309218750,673,559,2.8,1,1,668,570,2.8,1,1,679,548,2.8,False
6359.375,634251700309531250,671,562,2.8,1,1,665,577,2.8,1,1,678,548,2.8,False
6375,634251700309687500,673,566,2.8,1,1,668,587,2.8,1,1,679,546,2.8,False
6390.625,634251700309843750,-9999,-9999,2.8,1,1,671,587,2.8,1,0,679,546,2.8,True
6421.875,634251700310156250,675,569,2.2,1,1,672,590,2.2,1,1,679,548,2.2,False
6437.5,634251700310312500,677,571,2.5,1,1,674,590,2.2,1,1,680,553,2.8,False
6453.125,634251700310468750,773,572,2.5,1,1,773,590,2.2,1,1,774,554,2.8,False
6484.375,634251700310781250,911,608,2.5,1,1,911,608,2.2,1,1,911,608,2.8,False
6500,634251700310937500,922,616,2.8,1,1,922,625,2.8,1,1,922,608,2.8,False
6515.625,634251700311093750,923,618,2.8,1,1,922,629,2.8,1,1,925,608,2.8,False
6546.875,634251700311406250,930,629,2.2,1,1,926,634,2.2,1,1,934,624,2.2,False
6562.5,634251700311562500,931,632,2.2,1,1,928,634,2.2,1,1,935,630,2.2,False
6578.125,634251700311718750,933,647,2.2,1,1,928,664,2.2,1,1,938,630,2.2,False
6609.375,634251700312031250,933,647,2.5,1,1,928,664,2.2,1,1,938,630,2.8,False
6625,634251700312187500,933,636,2.2,1,1,928,648,2.2,1,1,938,624,2.2,False
6656.25,634251700312500000,934,628,2.2,1,1,928,648,2.2,1,1,940,609,2.2,False
6671.875,634251700312656250,936,637,2.2,1,1,928,666,2.2,1,1,944,609,2.2,False
6687.5,634251700312812500,936,650,2.8,1,1,928,666,2.8,1,1,944,635,2.8,False
6703.125,634251700312968750,936,650,2.8,1,1,928,666,2.8,1,1,944,635,2.8,False
6734.375,634251700313281250,938,656,2.2,1,1,932,666,2.2,1,1,944,646,2.2,False
6750,634251700313437500,938,656,2.2,1,1,932,666,2.2,1,1,944,646,2.2,False
6765.625,634251700313593750,940,658,2.2,1,1,934,666,2.2,1,1,946,650,2.2,False
6796.875,634251700313906250,947,658,2.5,1,1,938,666,2.2,1,1,956,650,2.8,False
6812.5,634251700314062500,951,658,2.2,1,1,943,666,2.2,1,1,960,651,2.2,False
6843.75,634251700314375000,959,660,2.5,1,1,943,670,2.2,1,1,976,651,2.8,False
6859.375,634251700314531250,993,661,2.5,1,1,985,671,2.2,1,1,1001,651,2.8,False
6875,634251700314687500,995,686,2.5,1,1,989,713,2.2,1,1,1001,659,2.8,False
6890.625,634251700314843750,995,695,2.5,1,1,990,713,2.2,1,1,1001,677,2.8,False
6921.875,634251700315156250,995,705,2.5,1,1,990,716,2.2,1,1,1001,694,2.8,False
6937.5,634251700315312500,995,705,2.2,1,1,990,717,2.2,1,1,1001,694,2.2,False
6953.125,634251700315468750,995,705,2.5,1,1,990,717,2.8,1,1,1001,694,2.2,False
6984.375,634251700315781250,-9999,-9999,2.5,1,1,990,717,2.8,1,0,1001,694,2.2,True
7000,634251700315937500,-9999,-9999,2.5,1,1,990,716,2.8,1,0,1001,694,2.2,True
7031.25,634251700316250000,990,701,2.8,1,1,985,716,2.8,1,1,996,686,2.8,False
7046.875,634251700316406250,985,693,2.8,1,1,983,707,2.8,1,1,988,680,2.8,False
7062.5,634251700316562500,885,689,2.8,1,1,861,698,2.8,1,1,909,680,2.8,False
7078.125,634251700316718750,741,680,2.8,1,1,731,698,2.8,1,1,751,662,2.8,False
7109.375,634251700317031250,739,655,2.8,1,1,731,698,2.8,1,1,748,613,2.8,False
7125,634251700317187500,739,654,2.8,1,1,731,696,2.8,1,1,748,613,2.8,False
7140.625,634251700317343750,739,665,2.8,1,1,731,696,2.8,1,1,748,634,2.8,False
7171.875,634251700317656250,739,674,2.8,1,1,731,696,2.8,1,1,748,653,2.8,False
7187.5,634251700317812500,739,674,2.8,1,1,730,696,2.8,1,1,748,653,2.8,False
7218.75,634251700318125000,-9999,-9999,2.8,1,1,731,698,2.8,1,0,748,653,2.8,True
7234.375,634251700318281250,-9999,-9999,2.8,1,1,732,702,2.8,1,0,748,653,2.8,True
7250,634251700318437500,740,680,2.8,1,1,733,702,2.8,1,1,748,658,2.8,False
7265.625,634251700318593750,741,682,2.8,1,1,734,702,2.8,1,1,748,662,2.8,False
7296.875,634251700318906250,740,687,2.5,1,1,734,706,2.2,1,1,747,668,2.8,False
7312.5,634251700319062500,739,693,2.8,1,1,733,707,2.8,1,1,746,679,2.8,False
7328.125,634251700319218750,738,704,2.8,1,1,733,707,2.8,1,1,744,702,2.8,False
7359.375,634251700319531250,737,708,2.8,1,1,733,709,2.8,1,1,741,707,2.8,False
7375,634251700319687500,730,770,2.8,1,1,728,797,2.8,1,1,733,744,2.8,False
7390.625,634251700319843750,674,774,2.8,1,1,660,804,2.8,1,1,688,744,2.8,False
7421.875,634251700320156250,662,775,2.8,1,1,654,806,2.8,1,1,670,745,2.8,False
7437.5,634251700320312500,-9999,-9999,2.8,1,1,644,806,2.8,1,0,670,745,2.8,True
7453.125,634251700320468750,650,782,2.8,1,1,644,808,2.8,1,1,656,757,2.8,False
7484.375,634251700320781250,649,785,2.8,1,1,644,814,2.8,1,1,655,757,2.8,False
7500,634251700320937500,651,784,2.8,1,1,647,815,2.8,1,1,656,753,2.8,False
7515.625,634251700321093750,654,783,2.8,1,1,652,814,2.8,1,1,656,753,2.8,False
7546.875,634251700321406250,657,780,2.8,1,1,652,808,2.8,1,1,662,752,2.8,False
7562.5,634251700321562500,658,778,2.8,1,1,655,806,2.8,1,1,662,751,2.8,False
7578.125,634251700321718750,662,778,2.8,1,1,660,806,2.8,1,1,664,751,2.8,False
7609.375,634251700322031250,671,779,2.8,1,1,669,806,2.8,1,1,674,752,2.8,False
7625,634251700322187500,675,778,2.8,1,1,671,806,2.8,1,1,679,751,2.8,False
7640.625,634251700322343750,676,775,2.8,1,1,673,800,2.8,1,1,679,751,2.8,False
7671.875,634251700322656250,677,774,2.8,1,1,676,800,2.8,1,1,679,749,2.8,False
7687.5,634251700322812500,677,774,2.8,1,1,676,800,2.8,1,1,679,748,2.8,False
7703.125,634251700322968750,679,773,2.8,1,1,679,799,2.8,1,1,679,748,2.8,False
7734.375,634251700323281250,680,772,2.8,1,1,680,798,2.8,1,1,680,746,2.8,False
7750,634251700323437500,682,771,2.8,1,1,681,796,2.8,1,1,684,746,2.8,False
7765.625,634251700323593750,682,771,2.8,1,1,681,796,2.8,1,1,684,746,2.8,False
7796.875,634251700323906250,687,770,2.5,1,1,681,794,2.2,1,1,693,746,2.8,False
7812.5,634251700324062500,775,769,2.8,1,1,769,794,2.8,1,1,781,745,2.8,False
7828.125,634251700324218750,950,767,2.8,1,1,943,794,2.8,1,1,957,741,2.8,False
7859.375,634251700324531250,956,767,2.5,1,1,946,794,2.2,1,1,967,740,2.8,False
7875,634251700324687500,965,764,2.5,1,1,963,791,2.2,1,1,967,738,2.8,False
7890.625,634251700324843750,966,763,2.5,1,1,966,789,2.2,1,1,967,738,2.8,False
7921.875,634251700325156250,966,753,2.5,1,1,966,774,2.2,1,1,967,733,2.8,False
7937.5,634251700325312500,967,751,2.5,1,1,967,774,2.2,1,1,968,728,2.8,False
7953.125,634251700325468750,970,751,2.5,1,1,968,774,2.2,1,1,973,728,2.8,False
7984.375,634251700325781250,970,750,2.5,1,1,968,774,2.8,1,1,973,726,2.2,False
8000,634251700325937500,970,749,2.8,1,1,967,774,2.8,1,1,973,725,2.8,False
8015.625,634251700326093750,971,750,2.8,1,1,969,774,2.8,1,1,973,726,2.8,False
8046.875,634251700326406250,971,745,2.2,1,1,969,758,2.2,1,1,973,733,2.2,False
8062.5,634251700326562500,970,757,2.5,1,1,969,782,2.2,1,1,972,733,2.8,False
8078.125,634251700326718750,-9999,-9999,2.5,1,1,972,782,2.2,1,0,972,733,2.8,True
8109.375,634251700327031250,-9999,-9999,2.5,1,1,976,782,2.2,1,0,972,733,2.8,True
8125,634251700327187500,-9999,-9999,2.5,1,1,981,782,2.2,1,0,972,733,2.8,True
8140.625,634251700327343750,985,739,2.5,1,1,983,755,2.2,1,1,987,724,2.8,False
8171.875,634251700327656250,1042,728,2.8,1,1,1042,734,2.8,1,1,1042,723,2.8,False
8187.5,634251700327812500,1048,723,2.5,1,1,1048,724,2.8,1,1,1048,723,2.2,False
8203.125,634251700327968750,1059,723,2.2,1,1,1058,724,2.2,1,1,1060,723,2.2,False
8234.375,634251700328281250,1061,705,2.8,1,1,1060,723,2.8,1,1,1062,687,2.8,False
8250,634251700328437500,1061,701,2.8,1,1,1060,716,2.8,1,1,1062,687,2.8,False
8265.625,634251700328593750,1062,696,2.5,1,1,1060,716,2.8,1,1,1064,677,2.2,False
8296.875,634251700328906250,1062,693,2.5,1,1,1060,723,2.8,1,1,1065,664,2.2,False
8312.5,634251700329062500,1065,688,2.5,1,1,1061,716,2.8,1,1,1069,661,2.2,False
8328.125,634251700329218750,1064,676,2.5,1,1,1060,716,2.8,1,1,1069,636,2.2,False
8359.375,634251700329531250,1064,676,2.8,1,1,1060,716,2.8,1,1,1069,636,2.8,False
8375,634251700329687500,1064,677,2.5,1,1,1060,724,2.8,1,1,1069,630,2.2,False
8390.625,634251700329843750,1065,674,2.5,1,1,1061,724,2.8,1,1,1069,624,2.2,False
8421.875,634251700330156250,1067,674,2.8,1,1,1060,724,2.8,1,1,1074,624,2.8,False
8437.5,634251700330312500,1065,674,2.8,1,1,1057,724,2.8,1,1,1074,624,2.8,False
8453.125,634251700330468750,1065,674,2.8,1,1,1057,724,2.8,1,1,1074,624,2.8,False
8484.375,634251700330781250,1065,684,2.8,1,1,1057,724,2.8,1,1,1074,645,2.8,False
8500,634251700330937500,1065,687,2.8,1,1,1057,723,2.8,1,1,1074,652,2.8,False
8515.625,634251700331093750,1057,693,2.5,1,1,1055,724,2.8,1,1,1059,662,2.2,False
8546.875,634251700331406250,1057,696,2.8,1,1,1055,724,2.8,1,1,1059,668,2.8,False
8562.5,634251700331562500,1055,695,2.8,1,1,1053,723,2.8,1,1,1058,668,2.8,False
8578.125,634251700331718750,1050,699,2.5,1,1,1043,723,2.2,1,1,1058,676,2.8,False
8609.375,634251700332031250,1048,699,2.5,1,1,1040,723,2.2,1,1,1056,676,2.8,False
8625,634251700332187500,1046,699,2.8,1,1,1036,723,2.8,1,1,1056,676,2.8,False
8640.625,634251700332343750,1037,700,2.8,1,1,1026,724,2.8,1,1,1048,676,2.8,False
8671.875,634251700332656250,923,695,2.8,1,1,924,723,2.8,1,1,922,668,2.8,False
8687.5,634251700332812500,907,698,2.2,1,1,912,721,2.2,1,1,902,676,2.2,False
8703.125,634251700332968750,904,698,2.2,1,1,906,721,2.2,1,1,902,676,2.2,False
8734.375,634251700333281250,904,698,2.5,1,1,906,721,2.2,1,1,902,676,2.8,False
8750,634251700333437500,902,694,2.5,1,1,903,716,2.2,1,1,902,672,2.8,False
8765.625,634251700333593750,902,690,2.5,1,1,903,716,2.2,1,1,902,665,2.8,False
8796.875,634251700333906250,902,690,2.5,1,1,903,715,2.2,1,1,901,665,2.8,False
8812.5,634251700334062500,901,690,2.5,1,1,901,715,2.2,1,1,901,665,2.8,False
8828.125,634251700334218750,901,690,2.5,1,1,901,715,2.2,1,1,901,665,2.8,False
8859.375,634251700334531250,902,689,2.8,1,1,901,712,2.8,1,1,904,666,2.8,False
8875,634251700334687500,906,691,2.2,1,1,901,710,2.2,1,1,912,672,2.2,False
8890.625,634251700334843750,906,690,2.8,1,1,900,710,2.8,1,1,912,671,2.8,False
8921.875,634251700335156250,906,691,2.5,1,1,900,712,2.2,1,1,912,671,2.8,False
8937.5,634251700335312500,902,692,2.5,1,1,900,713,2.2,1,1,904,671,2.8,False
8953.125,634251700335468750,898,702,2.5,1,1,897,721,2.2,1,1,899,683,2.8,False
8984.375,634251700335781250,896,702,2.5,1,1,894,721,2.2,1,1,899,683,2.8,False
9000,634251700335937500,896,702,2.5,1,1,894,721,2.2,1,1,899,683,2.8,False
9015.625,634251700336093750,896,702,2.5,1,1,894,721,2.2,1,1,899,683,2.8,False
9046.875,634251700336406250,898,701,2.8,1,1,894,719,2.8,1,1,902,683,2.8,False
9062.5,634251700336562500,899,701,2.8,1,1,897,719,2.8,1,1,902,683,2.8,False
9078.125,634251700336718750,899,698,2.8,1,1,897,719,2.8,1,1,902,677,2.8,False
9109.375,634251700337031250,913,698,2.8,1,1,918,719,2.8,1,1,909,677,2.8,False
9125,634251700337187500,1117,683,2.8,1,1,1107,717,2.8,1,1,1127,650,2.8,False
9140.625,634251700337343750,1150,666,2.8,1,1,1145,684,2.8,1,1,1155,649,2.8,False
9171.875,634251700337656250,1151,655,2.8,1,1,1147,676,2.8,1,1,1155,635,2.8,False
9187.5,634251700337812500,1151,652,2.8,1,1,1147,675,2.8,1,1,1155,630,2.8,False
9203.125,634251700337968750,1151,652,2.5,1,1,1147,675,2.8,1,1,1155,629,2.2,False
9234.375,634251700338281250,1151,651,2.5,1,1,1147,675,2.8,1,1,1155,628,2.2,False
9250,634251700338437500,1151,651,2.2,1,1,1147,675,2.2,1,1,1155,627,2.2,False
9265.625,634251700338593750,1151,646,2.5,1,1,1147,676,2.8,1,1,1155,617,2.2,False
9296.875,634251700338906250,1148,656,2.8,1,1,1146,696,2.8,1,1,1151,617,2.8,False
9312.5,634251700339062500,1090,666,2.8,1,1,1089,705,2.8,1,1,1091,627,2.8,False
9328.125,634251700339218750,1083,666,2.8,1,1,1085,705,2.8,1,1,1082,627,2.8,False
9359.375,634251700339531250,1082,666,2.2,1,1,1084,705,2.2,1,1,1081,627,2.2,False
9375,634251700339687500,1079,658,2.2,1,1,1079,705,2.2,1,1,1080,611,2.2,False
9390.625,634251700339843750,1078,670,2.8,1,1,1078,707,2.8,1,1,1079,634,2.8,False
9421.875,634251700340156250,1073,685,2.5,1,1,1075,708,2.2,1,1,1072,662,2.8,False
9437.5,634251700340312500,1070,693,2.8,1,1,1070,720,2.8,1,1,1070,667,2.8,False
9453.125,634251700340468750,1066,702,2.8,1,1,1063,731,2.8,1,1,1070,673,2.8,False
9484.375,634251700340781250,878,704,2.8,1,1,862,734,2.8,1,1,894,674,2.8,False
9500,634251700340937500,860,712,2.8,1,1,853,741,2.8,1,1,868,684,2.8,False
9515.625,634251700341093750,855,717,2.8,1,1,851,745,2.8,1,1,859,690,2.8,False
9546.875,634251700341406250,851,718,2.8,1,1,847,745,2.8,1,1,855,691,2.8,False
9562.5,634251700341562500,850,722,2.8,1,1,847,753,2.8,1,1,854,692,2.8,False
9578.125,634251700341718750,849,731,2.8,1,1,845,753,2.8,1,1,854,710,2.8,False
9609.375,634251700342031250,850,739,2.8,1,1,846,753,2.8,1,1,855,726,2.8,False
9625,634251700342187500,851,739,2.8,1,1,846,753,2.8,1,1,857,726,2.8,False
9640.625,634251700342343750,852,739,2.8,1,1,845,753,2.8,1,1,859,726,2.8,False
9671.875,634251700342656250,853,739,2.8,1,1,846,753,2.8,1,1,860,726,2.8,False
9687.5,634251700342812500,853,739,2.8,1,1,846,753,2.8,1,1,860,726,2.8,False
9703.125,634251700342968750,853,739,2.8,1,1,846,753,2.8,1,1,860,726,2.8,False
9734.375,634251700343281250,853,740,2.8,1,1,846,753,2.8,1,1,860,727,2.8,False
9750,634251700343437500,853,741,2.8,1,1,846,756,2.8,1,1,860,727,2.8,False
9765.625,634251700343593750,853,741,2.8,1,1,846,756,2.8,1,1,860,726,2.8,False
9796.875,634251700343906250,853,734,2.8,1,1,846,752,2.8,1,1,861,716,2.8,False
9812.5,634251700344062500,854,732,2.8,1,1,846,756,2.8,1,1,863,709,2.8,False
9828.125,634251700344218750,855,732,2.5,1,1,846,756,2.2,1,1,864,709,2.8,False
9859.375,634251700344531250,855,730,2.8,1,1,847,752,2.8,1,1,864,709,2.8,False
9875,634251700344687500,855,734,2.8,1,1,847,752,2.8,1,1,864,716,2.8,False
9890.625,634251700344843750,909,735,2.8,1,1,899,748,2.8,1,1,919,722,2.8,False
9921.875,634251700345156250,914,739,2.5,1,1,910,756,2.2,1,1,919,722,2.8,False
9937.5,634251700345312500,917,734,2.8,1,1,910,756,2.8,1,1,925,713,2.8,False
9953.125,634251700345468750,919,728,2.8,1,1,910,748,2.8,1,1,929,709,2.8,False
9984.375,634251700345781250,920,738,2.2,1,1,910,765,2.2,1,1,931,711,2.2,False
10000,634251700345937500,920,741,2.8,1,1,910,769,2.8,1,1,931,713,2.8,False
10015.625,634251700346093750,920,744,2.5,1,1,910,769,2.2,1,1,931,719,2.8,False
10046.875,634251700346406250,920,743,2.2,1,1,910,768,2.2,1,1,931,719,2.2,False
10062.5,634251700346562500,920,743,2.2,1,1,910,768,2.2,1,1,931,719,2.2,False
10078.125,634251700346718750,922,743,2.8,1,1,910,768,2.8,1,1,934,719,2.8,False
10109.375,634251700347031250,922,743,2.5,1,1,910,768,2.2,1,1,934,718,2.8,False
10125,634251700347187500,921,743,2.5,1,1,909,768,2.8,1,1,934,719,2.2,False
10140.625,634251700347343750,920,737,2.8,1,1,909,756,2.8,1,1,931,719,2.8,False
10171.875,634251700347656250,915,737,2.8,1,1,909,756,2.8,1,1,921,719,2.8,False
10187.5,634251700347812500,913,737,2.8,1,1,909,756,2.8,1,1,917,719,2.8,False
10203.125,634251700347968750,904,736,2.5,1,1,897,755,2.2,1,1,912,718,2.8,False
10234.375,634251700348281250,901,734,2.2,1,1,894,755,2.2,1,1,908,714,2.2,False
10250,634251700348437500,895,734,2.8,1,1,886,755,2.8,1,1,904,713,2.8,False
10265.625,634251700348593750,894,733,2.8,1,1,885,755,2.8,1,1,904,711,2.8,False
10296.875,634251700348906250,894,731,2.8,1,1,884,755,2.8,1,1,904,708,2.8,False
10312.5,634251700349062500,893,732,2.5,1,1,883,753,2.8,1,1,904,711,2.2,False
10328.125,634251700349218750,890,728,2.2,1,1,883,746,2.2,1,1,898,711,2.2,False
10359.375,634251700349531250,893,727,2.2,1,1,883,743,2.2,1,1,904,712,2.2,False
10375,634251700349687500,895,727,2.2,1,1,883,743,2.2,1,1,908,712,2.2,False
10390.625,634251700349843750,895,704,2.5,1,1,883,697,2.2,1,1,908,712,2.8,False
10421.875,634251700350156250,895,727,2.5,1,1,883,743,2.2,1,1,908,711,2.8,False
10437.5,634251700350312500,896,726,2.5,1,1,885,753,2.2,1,1,908,700,2.8,False
10453.125,634251700350468750,902,721,2.2,1,1,890,743,2.2,1,1,915,700,2.2,False
10484.375,634251700350781250,903,687,2.5,1,1,891,676,2.2,1,1,915,699,2.8,False
10500,634251700350937500,905,675,2.8,1,1,893,669,2.8,1,1,917,681,2.8,False
10515.625,634251700351093750,909,659,2.8,1,1,899,666,2.8,1,1,920,653,2.8,False
10546.875,634251700351406250,990,652,2.8,1,1,972,666,2.8,1,1,1008,638,2.8,False
10562.5,634251700351562500,1082,643,2.8,1,1,1066,660,2.8,1,1,1099,626,2.8,False
10578.125,634251700351718750,1082,643,2.8,1,1,1066,660,2.8,1,1,1099,626,2.8,False
10609.375,634251700352031250,1082,638,2.5,1,1,1066,656,2.8,1,1,1099,620,2.2,False
10625,634251700352187500,1082,631,2.5,1,1,1066,656,2.8,1,1,1099,607,2.2,False
10640.625,634251700352343750,1082,631,2.8,1,1,1066,656,2.8,1,1,1099,607,2.8,False
10671.875,634251700352656250,1082,638,2.8,1,1,1066,656,2.8,1,1,1099,620,2.8,False
10687.5,634251700352812500,1064,638,2.8,1,1,1060,656,2.8,1,1,1068,621,2.8,False
10703.125,634251700352968750,1062,642,2.8,1,1,1058,659,2.8,1,1,1067,626,2.8,False
10734.375,634251700353281250,1060,642,2.8,1,1,1057,659,2.8,1,1,1064,626,2.8,False
10750,634251700353437500,1058,644,2.8,1,1,1055,663,2.8,1,1,1062,626,2.8,False
10765.625,634251700353593750,1057,645,2.5,1,1,1053,667,2.8,1,1,1062,623,2.2,False
10796.875,634251700353906250,1055,645,2.5,1,1,1049,667,2.8,1,1,1061,623,2.2,False
10812.5,634251700354062500,1054,645,2.8,1,1,1048,667,2.8,1,1,1061,624,2.8,False
10828.125,634251700354218750,1054,644,2.8,1,1,1049,664,2.8,1,1,1059,624,2.8,False
10859.375,634251700354531250,1054,644,2.5,1,1,1049,664,2.8,1,1,1059,624,2.2,False
10875,634251700354687500,1053,643,2.5,1,1,1048,664,2.8,1,1,1059,623,2.2,False
10890.625,634251700354843750,1053,619,2.5,1,1,1048,664,2.8,1,1,1059,574,2.2,False
10921.875,634251700355156250,1053,620,2.8,1,1,1048,667,2.8,1,1,1059,574,2.8,False
10937.5,634251700355312500,1056,621,2.5,1,1,1049,668,2.8,1,1,1063,574,2.2,False
10953.125,634251700355468750,-9999,-9999,2.5,1,1,1050,671,2.8,1,0,1063,574,2.2,True
10984.375,634251700355781250,1059,647,2.8,1,1,1054,673,2.8,1,1,1065,622,2.8,False
11000,634251700355937500,1127,650,2.8,1,1,1129,676,2.8,1,1,1125,624,2.8,False
11015.625,634251700356093750,1134,651,2.8,1,1,1132,681,2.8,1,1,1136,622,2.8,False
11046.875,634251700356406250,1137,654,2.8,1,1,1134,681,2.8,1,1,1141,628,2.8,False
11062.5,634251700356562500,1139,656,2.8,1,1,1136,681,2.8,1,1,1143,631,2.8,False
11078.125,634251700356718750,-9999,-9999,2.8,1,1,1138,681,2.8,1,0,1143,631,2.8,True
11109.375,634251700357031250,1146,659,2.8,1,1,1140,681,2.8,1,1,1153,638,2.8,False
11125,634251700357187500,1147,659,2.8,1,1,1141,681,2.8,1,1,1153,638,2.8,False
11140.625,634251700357343750,1147,660,2.8,1,1,1141,681,2.8,1,1,1153,639,2.8,False
11171.875,634251700357656250,1149,660,2.8,1,1,1146,681,2.8,1,1,1153,639,2.8,False
11187.5,634251700357812500,1150,660,2.8,1,1,1147,681,2.8,1,1,1153,640,2.8,False
11218.75,634251700358125000,1150,663,2.8,1,1,1147,681,2.8,1,1,1153,645,2.8,False
11234.375,634251700358281250,1149,662,2.8,1,1,1147,680,2.8,1,1,1152,645,2.8,False
11250,634251700358437500,1147,661,2.8,1,1,1146,680,2.8,1,1,1149,642,2.8,False
11265.625,634251700358593750,1145,660,2.8,1,1,1141,678,2.8,1,1,1149,642,2.8,False
11296.875,634251700358906250,1143,659,2.8,1,1,1140,677,2.8,1,1,1147,642,2.8,False
11312.5,634251700359062500,1142,659,2.8,1,1,1139,677,2.8,1,1,1145,642,2.8,False
11328.125,634251700359218750,1141,660,2.8,1,1,1138,678,2.8,1,1,1145,642,2.8,False
11359.375,634251700359531250,1141,660,2.8,1,1,1138,678,2.8,1,1,1145,642,2.8,False
11375,634251700359687500,1140,660,2.8,1,1,1137,678,2.8,1,1,1144,642,2.8,False
11406.25,634251700360000000,1140,660,2.8,1,1,1137,679,2.8,1,1,1144,642,2.8,False
11421.875,634251700360156250,1139,661,2.8,1,1,1134,680,2.8,1,1,1144,642,2.8,False
11437.5,634251700360312500,1138,661,2.8,1,1,1134,680,2.8,1,1,1143,643,2.8,False
11453.125,634251700360468750,1131,664,2.8,1,1,1133,683,2.8,1,1,1130,645,2.8,False
11484.375,634251700360781250,1124,681,2.8,1,1,1125,707,2.8,1,1,1124,655,2.8,False
11500,634251700360937500,1102,687,2.8,1,1,1102,709,2.8,1,1,1103,665,2.8,False
11515.625,634251700361093750,1102,688,2.8,1,1,1102,711,2.8,1,1,1103,665,2.8,False
11546.875,634251700361406250,1101,688,2.8,1,1,1101,711,2.8,1,1,1101,665,2.8,False
11562.5,634251700361562500,-9999,-9999,2.8,1,1,1100,711,2.8,1,0,1101,665,2.8,True
11593.75,634251700361875000,1099,690,2.8,1,1,1098,711,2.8,1,1,1100,670,2.8,False
11609.375,634251700362031250,1098,690,2.8,1,1,1097,711,2.8,1,1,1099,670,2.8,False
11625,634251700362187500,1096,690,2.8,1,1,1093,711,2.8,1,1,1099,670,2.8,False
11640.625,634251700362343750,1095,690,2.8,1,1,1093,711,2.8,1,1,1098,670,2.8,False
11671.875,634251700362656250,1095,689,2.8,1,1,1093,710,2.8,1,1,1098,668,2.8,False
11687.5,634251700362812500,1096,687,2.8,1,1,1093,709,2.8,1,1,1099,665,2.8,False
11703.125,634251700362968750,-9999,-9999,2.8,1,1,1093,708,2.8,1,0,1099,665,2.8,True
11734.375,634251700363281250,1098,687,2.8,1,1,1093,707,2.8,1,1,1103,668,2.8,False
11750,634251700363437500,1104,685,2.8,1,1,1103,707,2.8,1,1,1106,663,2.8,False
11765.625,634251700363593750,1113,677,2.8,1,1,1104,703,2.8,1,1,1122,652,2.8,False
11796.875,634251700363906250,1131,673,2.8,1,1,1131,695,2.8,1,1,1131,652,2.8,False
11812.5,634251700364062500,1152,656,2.8,1,1,1136,670,2.8,1,1,1168,643,2.8,False
11828.125,634251700364218750,1152,649,2.8,1,1,1137,670,2.8,1,1,1168,628,2.8,False
11859.375,634251700364531250,1154,646,2.8,1,1,1141,669,2.8,1,1,1168,624,2.8,False
11875,634251700364687500,1155,645,2.8,1,1,1142,669,2.8,1,1,1169,622,2.8,False
11890.625,634251700364843750,1156,642,2.8,1,1,1142,669,2.8,1,1,1170,616,2.8,False
11921.875,634251700365156250,1158,642,2.8,1,1,1146,669,2.8,1,1,1170,615,2.8,False
11937.5,634251700365312500,1158,641,2.8,1,1,1147,668,2.8,1,1,1170,615,2.8,False
11953.125,634251700365468750,1159,641,2.8,1,1,1149,668,2.8,1,1,1170,615,2.8,False
11984.375,634251700365781250,1159,642,2.8,1,1,1149,668,2.8,1,1,1169,616,2.8,False
12000,634251700365937500,1160,640,2.8,1,1,1150,665,2.8,1,1,1170,615,2.8,False
12015.625,634251700366093750,1161,638,2.8,1,1,1150,664,2.8,1,1,1172,613,2.8,False
12046.875,634251700366406250,1163,637,2.8,1,1,1152,664,2.8,1,1,1174,610,2.8,False
12062.5,634251700366562500,1164,634,2.8,1,1,1154,662,2.8,1,1,1174,606,2.8,False
12078.125,634251700366718750,1164,628,2.8,1,1,1154,659,2.8,1,1,1174,598,2.8,False
12109.375,634251700367031250,1165,612,2.8,1,1,1158,638,2.8,1,1,1172,586,2.8,False
12125,634251700367187500,1167,602,2.8,1,1,1161,624,2.8,1,1,1174,581,2.8,False
12140.625,634251700367343750,1169,598,2.8,1,1,1164,618,2.8,1,1,1174,578,2.8,False
12171.875,634251700367656250,1172,597,2.8,1,1,1170,617,2.8,1,1,1174,578,2.8,False
12187.5,634251700367812500,1173,597,2.8,1,1,1171,616,2.8,1,1,1176,578,2.8,False
12203.125,634251700367968750,1173,597,2.8,1,1,1171,616,2.8,1,1,1176,578,2.8,False
12234.375,634251700368281250,1175,597,2.8,1,1,1170,616,2.8,1,1,1180,578,2.8,False
12250,634251700368437500,1173,597,2.8,1,1,1171,614,2.8,1,1,1176,581,2.8,False
12265.625,634251700368593750,1173,598,2.8,1,1,1171,612,2.8,1,1,1175,584,2.8,False
12296.875,634251700368906250,1172,596,2.8,1,1,1170,612,2.8,1,1,1175,581,2.8,False
12312.5,634251700369062500,1172,598,2.8,1,1,1170,612,2.8,1,1,1175,584,2.8,False
12328.125,634251700369218750,1171,599,2.8,1,1,1171,612,2.8,1,1,1172,586,2.8,False
12359.375,634251700369531250,1171,600,2.8,1,1,1171,612,2.8,1,1,1172,589,2.8,False
12375,634251700369687500,1169,598,2.5,1,1,1170,611,2.2,1,1,1169,586,2.8,False
12390.625,634251700369843750,1169,599,2.8,1,1,1170,610,2.8,1,1,1169,589,2.8,False
12421.875,634251700370156250,1173,598,2.8,1,1,1175,608,2.8,1,1,1171,589,2.8,False
12437.5,634251700370312500,1174,596,2.8,1,1,1177,604,2.8,1,1,1171,589,2.8,False
12453.125,634251700370468750,1174,596,2.8,1,1,1177,604,2.8,1,1,1171,589,2.8,False
12484.375,634251700370781250,1174,591,2.8,1,1,1177,602,2.8,1,1,1171,581,2.8,False
12500,634251700370937500,1177,590,2.8,1,1,1177,599,2.8,1,1,1178,581,2.8,False
12515.625,634251700371093750,1178,586,2.8,1,1,1177,592,2.8,1,1,1179,580,2.8,False
12546.875,634251700371406250,1178,585,2.5,1,1,1177,591,2.2,1,1,1179,580,2.8,False
12562.5,634251700371562500,1180,585,2.8,1,1,1181,590,2.8,1,1,1180,580,2.8,False
12578.125,634251700371718750,1182,583,2.8,1,1,1182,588,2.8,1,1,1182,578,2.8,False
12609.375,634251700372031250,1181,582,2.8,1,1,1181,588,2.8,1,1,1182,577,2.8,False
12625,634251700372187500,1180,582,2.8,1,1,1179,588,2.8,1,1,1182,576,2.8,False
12640.625,634251700372343750,1180,581,2.8,1,1,1179,587,2.8,1,1,1182,576,2.8,False
12671.875,634251700372656250,1179,581,2.8,1,1,1179,587,2.8,1,1,1180,576,2.8,False
12687.5,634251700372812500,-9999,-9999,2.8,1,1,1179,585,2.8,1,0,1180,576,2.8,True
12703.125,634251700372968750,-9999,-9999,2.8,1,1,1179,580,2.8,1,0,1180,576,2.8,True
12734.375,634251700373281250,1177,574,2.5,1,1,1179,578,2.8,1,1,1175,570,2.2,False
12750,634251700373437500,-9999,-9999,2.5,1,1,1179,578,2.8,1,0,1175,570,2.2,True
12765.625,634251700373593750,1173,569,2.8,1,1,1177,578,2.8,1,1,1169,561,2.8,False
12796.875,634251700373906250,1168,569,2.8,1,1,1169,578,2.8,1,1,1168,561,2.8,False
12812.5,634251700374062500,-9999,-9999,2.8,1,1,1114,577,2.8,1,0,1168,561,2.8,True
12828.125,634251700374218750,1046,573,2.5,1,1,1046,577,2.8,1,1,1047,570,2.2,False
12859.375,634251700374531250,1045,569,2.5,1,1,1044,577,2.8,1,1,1047,561,2.2,False
12875,634251700374687500,1040,565,2.8,1,1,1044,577,2.8,1,1,1036,553,2.8,False
12890.625,634251700374843750,1038,553,2.8,1,1,1041,572,2.8,1,1,1036,534,2.8,False
12921.875,634251700375156250,1038,550,2.5,1,1,1040,572,2.8,1,1,1036,528,2.2,False
12937.5,634251700375312500,1036,550,2.5,1,1,1037,572,2.8,1,1,1036,528,2.2,False
12953.125,634251700375468750,1038,544,2.5,1,1,1037,572,2.8,1,1,1040,517,2.2,False
12984.375,634251700375781250,1045,543,2.5,1,1,1037,572,2.8,1,1,1054,515,2.2,False
13000,634251700375937500,1045,543,2.5,1,1,1036,572,2.8,1,1,1054,514,2.2,False
13015.625,634251700376093750,1047,540,2.5,1,1,1037,572,2.8,1,1,1057,508,2.2,False
13046.875,634251700376406250,1049,547,2.8,1,1,1040,581,2.8,1,1,1058,514,2.8,False
13062.5,634251700376562500,-9999,-9999,2.8,1,1,1040,581,2.8,1,0,1058,514,2.8,True
13078.125,634251700376718750,1051,550,2.8,1,1,1040,585,2.8,1,1,1063,515,2.8,False
13109.375,634251700377031250,1138,553,2.8,1,1,1122,591,2.8,1,1,1154,515,2.8,False
13125,634251700377187500,1179,581,2.8,1,1,1179,593,2.8,1,1,1179,570,2.8,False
13140.625,634251700377343750,1181,581,2.8,1,1,1180,593,2.8,1,1,1182,570,2.8,False
13171.875,634251700377656250,1184,584,2.8,1,1,1183,593,2.8,1,1,1186,576,2.8,False
13187.5,634251700377812500,1185,585,2.8,1,1,1184,594,2.8,1,1,1186,576,2.8,False
13203.125,634251700377968750,1186,585,2.8,1,1,1184,594,2.8,1,1,1189,576,2.8,False
13234.375,634251700378281250,1187,584,2.8,1,1,1184,593,2.8,1,1,1191,576,2.8,False
13250,634251700378437500,1188,584,2.8,1,1,1184,593,2.8,1,1,1192,576,2.8,False
13265.625,634251700378593750,1188,584,2.8,1,1,1184,593,2.8,1,1,1193,576,2.8,False
13296.875,634251700378906250,1188,578,2.8,1,1,1184,592,2.8,1,1,1193,564,2.8,False
13312.5,634251700379062500,1188,512,2.8,1,1,1183,517,2.8,1,1,1194,507,2.8,False
13328.125,634251700379218750,1189,506,2.8,1,1,1183,509,2.8,1,1,1196,504,2.8,False
13359.375,634251700379531250,1188,506,2.8,1,1,1182,509,2.8,1,1,1194,504,2.8,False
13375,634251700379687500,1186,506,2.8,1,1,1179,509,2.8,1,1,1193,503,2.8,False
13390.625,634251700379843750,1186,504,2.5,1,1,1178,509,2.8,1,1,1194,500,2.2,False
13421.875,634251700380156250,1182,506,2.8,1,1,1171,509,2.8,1,1,1193,503,2.8,False
13437.5,634251700380312500,1181,506,2.8,1,1,1171,509,2.8,1,1,1192,504,2.8,False
13453.125,634251700380468750,1178,512,2.8,1,1,1170,517,2.8,1,1,1187,507,2.8,False
13484.375,634251700380781250,1176,513,2.8,1,1,1166,517,2.8,1,1,1186,509,2.8,False
13500,634251700380937500,1175,513,2.8,1,1,1164,517,2.8,1,1,1186,510,2.8,False
13515.625,634251700381093750,1062,516,2.8,1,1,1050,523,2.8,1,1,1075,510,2.8,False
13546.875,634251700381406250,1055,517,2.8,1,1,1046,525,2.8,1,1,1065,510,2.8,False
13562.5,634251700381562500,1050,517,2.8,1,1,1040,525,2.8,1,1,1061,509,2.8,False
13578.125,634251700381718750,1046,517,2.8,1,1,1037,525,2.8,1,1,1055,509,2.8,False
13609.375,634251700382031250,1043,525,2.8,1,1,1033,541,2.8,1,1,1054,510,2.8,False
13625,634251700382187500,1041,525,2.8,1,1,1033,541,2.8,1,1,1049,510,2.8,False
13640.625,634251700382343750,1042,525,2.8,1,1,1037,541,2.8,1,1,1048,510,2.8,False
13671.875,634251700382656250,1043,520,2.8,1,1,1037,541,2.8,1,1,1049,500,2.8,False
13687.5,634251700382812500,1043,525,2.8,1,1,1037,551,2.8,1,1,1049,500,2.8,False
13703.125,634251700382968750,1043,524,2.8,1,1,1037,553,2.8,1,1,1050,496,2.8,False
13734.375,634251700383281250,1043,526,2.8,1,1,1037,553,2.8,1,1,1049,500,2.8,False
13750,634251700383437500,1043,525,2.8,1,1,1037,551,2.8,1,1,1049,500,2.8,False
13765.625,634251700383593750,1043,530,2.8,1,1,1037,553,2.8,1,1,1049,507,2.8,False
13796.875,634251700383906250,1042,533,2.8,1,1,1037,551,2.8,1,1,1048,515,2.8,False
13812.5,634251700384062500,1041,534,2.8,1,1,1037,553,2.8,1,1,1046,515,2.8,False
13828.125,634251700384218750,-9999,-9999,2.8,1,1,1009,554,2.8,1,0,1046,515,2.8,True
13859.375,634251700384531250,1012,534,2.8,1,1,1009,554,2.8,1,1,1016,515,2.8,False
13875,634251700384687500,1012,535,2.8,1,1,1009,555,2.8,1,1,1016,515,2.8,False
13890.625,634251700384843750,1011,533,2.8,1,1,1007,554,2.8,1,1,1016,513,2.8,False
13921.875,634251700385156250,1010,528,2.8,1,1,1005,542,2.8,1,1,1016,515,2.8,False
13937.5,634251700385312500,1010,529,2.8,1,1,1005,543,2.8,1,1,1016,515,2.8,False
13953.125,634251700385468750,1010,529,2.8,1,1,1005,543,2.8,1,1,1016,516,2.8,False
13984.375,634251700385781250,1009,529,2.8,1,1,1003,543,2.8,1,1,1016,516,2.8,False
14000,634251700385937500,1008,534,2.8,1,1,1003,555,2.8,1,1,1013,513,2.8,False
14015.625,634251700386093750,1007,528,2.8,1,1,1001,543,2.8,1,1,1013,513,2.8,False
14046.875,634251700386406250,1007,519,2.8,1,1,1001,543,2.8,1,1,1013,496,2.8,False
14062.5,634251700386562500,1004,530,2.8,1,1,1000,547,2.8,1,1,1008,513,2.8,False
14078.125,634251700386718750,1003,529,2.5,1,1,1000,543,2.2,1,1,1006,516,2.8,False
14109.375,634251700387031250,1001,531,2.8,1,1,997,547,2.8,1,1,1006,516,2.8,False
14125,634251700387187500,1001,533,2.5,1,1,997,565,2.2,1,1,1006,502,2.8,False
14140.625,634251700387343750,997,542,2.8,1,1,993,570,2.8,1,1,1001,515,2.8,False
14171.875,634251700387656250,972,542,2.8,1,1,963,570,2.8,1,1,981,515,2.8,False
14187.5,634251700387812500,965,540,2.5,1,1,963,565,2.2,1,1,967,515,2.8,False
14203.125,634251700387968750,961,536,2.8,1,1,955,558,2.8,1,1,967,515,2.8,False
14234.375,634251700388281250,961,530,2.5,1,1,955,558,2.2,1,1,967,502,2.8,False
14250,634251700388437500,961,526,2.8,1,1,955,551,2.8,1,1,967,502,2.8,False
14265.625,634251700388593750,960,526,2.5,1,1,954,551,2.8,1,1,967,502,2.2,False
14296.875,634251700388906250,961,526,2.8,1,1,955,551,2.8,1,1,967,502,2.8,False
14312.5,634251700389062500,961,528,2.5,1,1,955,551,2.2,1,1,967,505,2.8,False
14328.125,634251700389218750,962,525,2.5,1,1,956,536,2.2,1,1,968,515,2.8,False
14359.375,634251700389531250,963,527,2.5,1,1,958,536,2.2,1,1,968,518,2.8,False
14375,634251700389687500,963,523,2.8,1,1,958,536,2.8,1,1,968,511,2.8,False
14390.625,634251700389843750,963,523,2.5,1,1,956,536,2.2,1,1,970,511,2.8,False
14421.875,634251700390156250,964,527,2.5,1,1,958,537,2.2,1,1,971,518,2.8,False
14437.5,634251700390312500,964,530,2.5,1,1,958,537,2.2,1,1,971,524,2.8,False
14453.125,634251700390468750,964,530,2.5,1,1,958,536,2.2,1,1,970,525,2.8,False
14484.375,634251700390781250,964,528,2.2,1,1,958,533,2.2,1,1,970,524,2.2,False
14500,634251700390937500,962,530,2.2,1,1,955,536,2.2,1,1,970,524,2.2,False
14515.625,634251700391093750,962,524,2.2,1,1,955,523,2.2,1,1,970,525,2.2,False
14546.875,634251700391406250,956,533,2.2,1,1,954,537,2.2,1,1,959,530,2.2,False
14562.5,634251700391562500,946,538,2.2,1,1,945,537,2.2,1,1,947,540,2.2,False
14578.125,634251700391718750,916,543,2.2,1,1,906,537,2.2,1,1,926,550,2.2,False
14609.375,634251700392031250,912,569,2.5,1,1,902,582,2.8,1,1,922,557,2.2,False
14625,634251700392187500,907,572,2.2,1,1,900,594,2.2,1,1,915,550,2.2,False
14640.625,634251700392343750,906,572,2.2,1,1,899,596,2.2,1,1,914,549,2.2,False
14671.875,634251700392656250,905,572,2.5,1,1,898,596,2.2,1,1,912,549,2.8,False
14687.5,634251700392812500,905,572,2.2,1,1,898,596,2.2,1,1,912,549,2.2,False
14703.125,634251700392968750,904,571,2.5,1,1,897,594,2.8,1,1,912,549,2.2,False
14734.375,634251700393281250,904,571,2.2,1,1,896,594,2.2,1,1,912,549,2.2,False
14750,634251700393437500,903,567,2.5,1,1,896,594,2.8,1,1,911,540,2.2,False
14765.625,634251700393593750,897,558,2.5,1,1,893,594,2.2,1,1,902,522,2.8,False
14796.875,634251700393906250,890,546,2.5,1,1,885,576,2.2,1,1,895,517,2.8,False
14812.5,634251700394062500,825,544,2.2,1,1,806,572,2.2,1,1,844,517,2.2,False
14828.125,634251700394218750,804,542,2.5,1,1,804,572,2.8,1,1,805,513,2.2,False
14859.375,634251700394531250,803,540,2.5,1,1,802,571,2.8,1,1,805,510,2.2,False
14875,634251700394687500,803,540,2.2,1,1,802,571,2.2,1,1,804,510,2.2,False
14890.625,634251700394843750,798,537,2.5,1,1,796,565,2.8,1,1,801,510,2.2,False
14921.875,634251700395156250,792,532,2.8,1,1,789,561,2.8,1,1,796,504,2.8,False
14937.5,634251700395312500,791,531,2.5,1,1,787,559,2.2,1,1,795,504,2.8,False
14953.125,634251700395468750,791,529,2.8,1,1,788,554,2.8,1,1,795,504,2.8,False
14984.375,634251700395781250,791,529,2.2,1,1,788,554,2.2,1,1,794,504,2.2,False
15000,634251700395937500,791,529,2.5,1,1,788,554,2.2,1,1,794,504,2.8,False
15015.625,634251700396093750,788,530,2.5,1,1,788,554,2.2,1,1,789,506,2.8,False
15046.875,634251700396406250,788,531,2.8,1,1,787,554,2.8,1,1,789,509,2.8,False
15062.5,634251700396562500,787,535,2.8,1,1,787,554,2.8,1,1,787,517,2.8,False
15078.125,634251700396718750,786,534,2.5,1,1,787,554,2.8,1,1,786,515,2.2,False
15109.375,634251700397031250,786,536,2.5,1,1,787,557,2.8,1,1,786,515,2.2,False
15125,634251700397187500,786,536,2.5,1,1,787,557,2.8,1,1,786,515,2.2,False
15140.625,634251700397343750,770,539,2.5,1,1,763,562,2.8,1,1,777,516,2.2,False
15171.875,634251700397656250,769,539,2.8,1,1,763,562,2.8,1,1,775,517,2.8,False
15187.5,634251700397812500,768,545,2.5,1,1,762,562,2.2,1,1,774,529,2.8,False
15203.125,634251700397968750,768,545,2.2,1,1,762,562,2.2,1,1,774,529,2.2,False
15234.375,634251700398281250,767,550,2.5,1,1,762,562,2.2,1,1,773,538,2.8,False
15250,634251700398437500,768,557,2.8,1,1,763,577,2.8,1,1,773,538,2.8,False
15265.625,634251700398593750,768,550,2.5,1,1,763,562,2.2,1,1,773,538,2.8,False
15296.875,634251700398906250,761,546,2.8,1,1,763,555,2.8,1,1,760,538,2.8,False
15312.5,634251700399062500,761,543,2.5,1,1,763,549,2.2,1,1,759,538,2.8,False
15328.125,634251700399218750,759,543,2.8,1,1,763,548,2.8,1,1,756,538,2.8,False
15359.375,634251700399531250,756,540,2.2,1,1,759,548,2.2,1,1,754,532,2.2,False
15375,634251700399687500,755,540,2.8,1,1,756,548,2.8,1,1,754,532,2.8,False
15390.625,634251700399843750,746,521,2.2,1,1,747,533,2.2,1,1,745,510,2.2,False
15421.875,634251700400156250,746,520,2.5,1,1,747,532,2.8,1,1,745,508,2.2,False
15437.5,634251700400312500,745,510,2.5,1,1,746,532,2.8,1,1,745,489,2.2,False
15453.125,634251700400468750,744,507,2.8,1,1,745,532,2.8,1,1,743,482,2.8,False
15484.375,634251700400781250,741,504,2.5,1,1,739,528,2.8,1,1,743,480,2.2,False
15500,634251700400937500,739,502,2.5,1,1,739,525,2.2,1,1,739,480,2.8,False
15515.625,634251700401093750,738,501,2.5,1,1,736,525,2.8,1,1,740,478,2.2,False
15546.875,634251700401406250,740,501,2.2,1,1,736,525,2.2,1,1,745,478,2.2,False
15562.5,634251700401562500,740,502,2.5,1,1,736,525,2.2,1,1,745,480,2.8,False
15578.125,634251700401718750,742,498,2.2,1,1,738,519,2.2,1,1,746,478,2.2,False
15609.375,634251700402031250,741,501,2.5,1,1,736,525,2.8,1,1,746,478,2.2,False
15625,634251700402187500,741,502,2.8,1,1,736,525,2.8,1,1,746,480,2.8,False
15640.625,634251700402343750,739,502,2.5,1,1,735,525,2.8,1,1,744,480,2.2,False
15671.875,634251700402656250,742,502,2.2,1,1,738,525,2.2,1,1,746,480,2.2,False
15687.5,634251700402812500,741,510,2.8,1,1,738,532,2.8,1,1,744,488,2.8,False
15703.125,634251700402968750,739,510,2.5,1,1,735,532,2.8,1,1,744,488,2.2,False
15734.375,634251700403281250,739,510,2.2,1,1,735,532,2.2,1,1,744,488,2.2,False
15750,634251700403437500,732,510,2.2,1,1,731,532,2.2,1,1,734,488,2.2,False
15781.25,634251700403750000,732,510,2.2,1,1,729,532,2.2,1,1,736,488,2.2,False
15796.875,634251700403906250,732,510,2.2,1,1,729,532,2.2,1,1,736,488,2.2,False
15812.5,634251700404062500,729,506,2.2,1,1,725,532,2.2,1,1,734,481,2.2,False
15828.125,634251700404218750,729,497,2.2,1,1,725,515,2.2,1,1,734,480,2.2,False
15859.375,634251700404531250,728,489,2.2,1,1,723,504,2.2,1,1,733,475,2.2,False
15875,634251700404687500,726,489,2.2,1,1,721,504,2.2,1,1,732,475,2.2,False
15890.625,634251700404843750,726,489,2.5,1,1,721,504,2.2,1,1,732,474,2.8,False
15921.875,634251700405156250,-9999,-9999,2.5,1,1,723,504,2.2,1,0,732,474,2.8,True
15937.5,634251700405312500,725,489,2.5,1,1,723,504,2.2,1,1,727,474,2.8,False
15968.75,634251700405625000,-9999,-9999,2.5,1,1,725,504,2.2,1,0,727,474,2.8,True
15984.375,634251700405781250,725,487,2.5,1,1,725,504,2.2,1,1,726,471,2.8,False
16000,634251700405937500,-9999,-9999,2.5,1,1,725,504,2.2,1,0,726,471,2.8,True
16015.625,634251700406093750,724,487,2.2,1,1,724,501,2.2,1,1,725,474,2.2,False
16046.875,634251700406406250,-9999,-9999,2.2,1,1,724,501,2.2,1,0,725,474,2.2,True
16062.5,634251700406562500,725,496,2.2,1,1,725,513,2.2,1,1,725,479,2.2,False
16078.125,634251700406718750,729,490,2.2,1,1,727,501,2.2,1,1,731,479,2.2,False
16109.375,634251700407031250,733,490,2.2,1,1,731,501,2.2,1,1,735,479,2.2,False
16125,634251700407187500,769,490,2.2,1,1,765,501,2.2,1,1,773,479,2.2,False
16140.625,634251700407343750,777,490,2.2,1,1,778,501,2.2,1,1,776,479,2.2,False
16171.875,634251700407656250,779,491,2.2,1,1,778,506,2.2,1,1,780,477,2.2,False
16187.5,634251700407812500,779,492,2.2,1,1,778,506,2.2,1,1,780,479,2.2,False
16203.125,634251700407968750,779,489,2.2,1,1,779,501,2.2,1,1,780,477,2.2,False
16234.375,634251700408281250,780,489,2.2,1,1,780,501,2.2,1,1,780,477,2.2,False
16250,634251700408437500,779,491,2.2,1,1,779,506,2.2,1,1,780,477,2.2,False
16265.625,634251700408593750,778,486,2.2,1,1,779,499,2.2,1,1,777,474,2.2,False
16296.875,634251700408906250,777,490,2.2,1,1,778,506,2.2,1,1,777,474,2.2,False
16312.5,634251700409062500,775,489,2.2,1,1,775,502,2.2,1,1,776,477,2.2,False
16328.125,634251700409218750,775,486,2.2,1,1,774,499,2.2,1,1,776,473,2.2,False
16359.375,634251700409531250,-9999,-9999,2.2,1,1,718,502,2.2,1,0,776,473,2.2,True
16375,634251700409687500,723,488,2.2,1,1,718,502,2.2,1,1,728,475,2.2,False
16390.625,634251700409843750,723,487,2.2,1,1,718,502,2.2,1,1,728,473,2.2,False
16421.875,634251700410156250,721,488,2.5,1,1,717,504,2.8,1,1,725,473,2.2,False
16437.5,634251700410312500,721,489,2.2,1,1,717,504,2.2,1,1,725,475,2.2,False
16453.125,634251700410468750,722,488,2.2,1,1,718,504,2.2,1,1,727,473,2.2,False
16484.375,634251700410781250,722,488,2.2,1,1,718,504,2.2,1,1,727,473,2.2,False
16500,634251700410937500,723,487,2.2,1,1,719,502,2.2,1,1,727,473,2.2,False
16515.625,634251700411093750,722,486,2.2,1,1,719,504,2.2,1,1,725,468,2.2,False
16546.875,634251700411406250,722,486,2.2,1,1,719,504,2.2,1,1,725,468,2.2,False
16562.5,634251700411562500,722,485,2.5,1,1,719,504,2.8,1,1,725,466,2.2,False
16578.125,634251700411718750,-9999,-9999,2.2,1,1,719,504,2.2,1,0,725,466,2.2,True
16609.375,634251700412031250,721,485,2.2,1,1,719,504,2.2,1,1,723,466,2.2,False
16625,634251700412187500,721,484,2.2,1,1,719,504,2.2,1,1,723,464,2.2,False
16640.625,634251700412343750,721,485,2.2,1,1,719,506,2.2,1,1,723,464,2.2,False
16671.875,634251700412656250,720,483,2.2,1,1,718,506,2.2,1,1,723,461,2.2,False
16687.5,634251700412812500,719,484,2.2,1,1,717,510,2.2,1,1,722,459,2.2,False
16703.125,634251700412968750,719,484,2.2,1,1,717,510,2.2,1,1,722,459,2.2,False
16734.375,634251700413281250,719,486,2.2,1,1,716,514,2.2,1,1,722,459,2.2,False
16750,634251700413437500,719,487,2.2,1,1,716,514,2.2,1,1,723,461,2.2,False
16765.625,634251700413593750,719,484,2.2,1,1,716,510,2.2,1,1,723,459,2.2,False
16796.875,634251700413906250,718,486,2.5,1,1,714,514,2.8,1,1,723,459,2.2,False
16812.5,634251700414062500,718,489,2.2,1,1,714,514,2.2,1,1,722,464,2.2,False
16828.125,634251700414218750,717,489,2.2,1,1,713,514,2.2,1,1,722,464,2.2,False
16859.375,634251700414531250,715,486,2.2,1,1,709,514,2.2,1,1,721,459,2.2,False
16875,634251700414687500,714,488,2.2,1,1,707,512,2.2,1,1,721,464,2.2,False
16890.625,634251700414843750,708,485,2.2,1,1,700,506,2.2,1,1,716,464,2.2,False
16921.875,634251700415156250,707,485,2.2,1,1,700,506,2.2,1,1,715,465,2.2,False
16937.5,634251700415312500,699,484,2.2,1,1,694,504,2.2,1,1,704,465,2.2,False
16953.125,634251700415468750,698,484,2.2,1,1,692,506,2.2,1,1,704,462,2.2,False
16984.375,634251700415781250,697,486,2.2,1,1,691,507,2.2,1,1,704,465,2.2,False
17000,634251700415937500,695,484,2.2,1,1,688,506,2.2,1,1,703,462,2.2,False
17015.625,634251700416093750,695,478,2.5,1,1,688,502,2.8,1,1,703,455,2.2,False
17046.875,634251700416406250,693,480,2.2,1,1,687,498,2.2,1,1,700,462,2.2,False
17062.5,634251700416562500,692,479,2.2,1,1,687,497,2.2,1,1,697,462,2.2,False
17078.125,634251700416718750,685,473,2.2,1,1,682,491,2.2,1,1,689,455,2.2,False
17109.375,634251700417031250,608,472,2.2,1,1,605,489,2.2,1,1,612,455,2.2,False
17125,634251700417187500,605,471,2.2,1,1,598,488,2.2,1,1,612,455,2.2,False
17140.625,634251700417343750,602,471,2.2,1,1,594,486,2.2,1,1,611,457,2.2,False
17171.875,634251700417656250,600,472,2.2,1,1,592,485,2.2,1,1,609,459,2.2,False
17187.5,634251700417812500,599,471,2.2,1,1,590,485,2.2,1,1,608,457,2.2,False
17203.125,634251700417968750,599,470,2.2,1,1,590,483,2.2,1,1,608,457,2.2,False
17234.375,634251700418281250,598,470,2.2,1,1,594,483,2.2,1,1,602,457,2.2,False
17250,634251700418437500,599,469,2.2,1,1,596,481,2.2,1,1,602,457,2.2,False
17265.625,634251700418593750,599,466,2.5,1,1,596,476,2.8,1,1,602,457,2.2,False
17296.875,634251700418906250,599,466,2.5,1,1,596,476,2.8,1,1,602,457,2.2,False
17312.5,634251700419062500,596,465,2.2,1,1,596,476,2.2,1,1,597,455,2.2,False
17328.125,634251700419218750,596,466,2.2,1,1,596,477,2.2,1,1,597,455,2.2,False
17359.375,634251700419531250,596,465,2.2,1,1,596,477,2.2,1,1,597,454,2.2,False
17375,634251700419687500,596,465,2.2,1,1,596,477,2.2,1,1,597,454,2.2,False
17390.625,634251700419843750,595,465,2.2,1,1,596,477,2.2,1,1,594,454,2.2,False
17421.875,634251700420156250,594,465,2.2,1,1,595,477,2.2,1,1,594,454,2.2,False
17437.5,634251700420312500,596,467,2.2,1,1,595,480,2.2,1,1,597,454,2.2,False
17453.125,634251700420468750,604,470,2.2,1,1,595,481,2.2,1,1,613,460,2.2,False
17484.375,634251700420781250,604,473,2.2,1,1,595,486,2.2,1,1,613,460,2.2,False
17500,634251700420937500,605,474,2.2,1,1,598,486,2.2,1,1,613,462,2.2,False
17515.625,634251700421093750,641,475,2.2,1,1,639,489,2.2,1,1,644,462,2.2,False
17546.875,634251700421406250,646,474,2.2,1,1,645,489,2.2,1,1,647,460,2.2,False
17562.5,634251700421562500,648,475,2.2,1,1,645,490,2.2,1,1,652,460,2.2,False
17578.125,634251700421718750,649,477,2.2,1,1,645,492,2.2,1,1,653,463,2.2,False
17609.375,634251700422031250,650,478,2.2,1,1,647,493,2.2,1,1,653,463,2.2,False
17625,634251700422187500,650,480,2.2,1,1,647,494,2.2,1,1,653,466,2.2,False
17640.625,634251700422343750,650,480,2.2,1,1,647,494,2.2,1,1,653,466,2.2,False
17671.875,634251700422656250,650,477,2.2,1,1,647,494,2.2,1,1,653,461,2.2,False
17687.5,634251700422812500,650,483,2.2,1,1,647,500,2.2,1,1,653,466,2.2,False
17703.125,634251700422968750,650,483,2.2,1,1,647,500,2.2,1,1,653,466,2.2,False
17734.375,634251700423281250,650,482,2.2,1,1,647,498,2.2,1,1,653,466,2.2,False
17750,634251700423437500,648,482,2.2,1,1,644,498,2.2,1,1,653,467,2.2,False
17765.625,634251700423593750,650,482,2.2,1,1,647,498,2.2,1,1,653,467,2.2,False
17796.875,634251700423906250,652,481,2.2,1,1,651,495,2.2,1,1,653,467,2.2,False
17812.5,634251700424062500,652,482,2.2,1,1,651,496,2.2,1,1,653,468,2.2,False
17828.125,634251700424218750,653,481,2.2,1,1,652,495,2.2,1,1,654,467,2.2,False
17859.375,634251700424531250,653,481,2.2,1,1,652,496,2.2,1,1,654,467,2.2,False
17875,634251700424687500,654,482,2.2,1,1,654,496,2.2,1,1,654,468,2.2,False
17890.625,634251700424843750,653,481,2.2,1,1,652,496,2.2,1,1,654,467,2.2,False
17921.875,634251700425156250,651,481,2.2,1,1,654,496,2.2,1,1,648,467,2.2,False
17937.5,634251700425312500,651,481,2.2,1,1,655,496,2.2,1,1,648,467,2.2,False
17953.125,634251700425468750,650,481,2.2,1,1,656,497,2.2,1,1,644,466,2.2,False
17984.375,634251700425781250,650,481,2.2,1,1,657,498,2.2,1,1,644,465,2.2,False
18000,634251700425937500,650,474,2.2,1,1,657,498,2.2,1,1,644,450,2.2,False
18015.625,634251700426093750,653,473,2.2,1,1,662,498,2.2,1,1,644,448,2.2,False
18046.875,634251700426406250,652,473,2.2,1,1,662,498,2.2,1,1,643,448,2.2,False
18062.5,634251700426562500,652,473,2.2,1,1,662,498,2.2,1,1,643,448,2.2,False
18078.125,634251700426718750,653,472,2.2,1,1,662,497,2.2,1,1,644,448,2.2,False
18109.375,634251700427031250,653,471,2.2,1,1,662,493,2.2,1,1,644,450,2.2,False
18125,634251700427187500,652,475,2.2,1,1,660,493,2.2,1,1,644,457,2.2,False
18140.625,634251700427343750,651,476,2.2,1,1,658,493,2.2,1,1,644,459,2.2,False
18171.875,634251700427656250,650,478,2.2,1,1,657,493,2.2,1,1,644,463,2.2,False
18187.5,634251700427812500,647,478,2.2,1,1,653,493,2.2,1,1,641,463,2.2,False
18203.125,634251700427968750,648,478,2.2,1,1,652,492,2.2,1,1,644,464,2.2,False
18234.375,634251700428281250,647,477,2.2,1,1,651,491,2.2,1,1,644,464,2.2,False
18250,634251700428437500,646,477,2.2,1,1,646,490,2.2,1,1,647,465,2.2,False
18265.625,634251700428593750,649,479,2.2,1,1,645,490,2.2,1,1,653,468,2.2,False
18296.875,634251700428906250,644,479,2.2,1,1,641,490,2.2,1,1,647,468,2.2,False
18312.5,634251700429062500,642,479,2.2,1,1,638,491,2.2,1,1,647,468,2.2,False
18328.125,634251700429218750,642,479,2.2,1,1,638,490,2.2,1,1,647,468,2.2,False
18359.375,634251700429531250,642,477,2.2,1,1,638,487,2.2,1,1,647,468,2.2,False
18375,634251700429687500,642,481,2.2,1,1,638,491,2.2,1,1,647,471,2.2,False
18390.625,634251700429843750,642,483,2.2,1,1,638,494,2.2,1,1,647,472,2.2,False
18421.875,634251700430156250,637,484,2.2,1,1,634,497,2.2,1,1,640,471,2.2,False
18437.5,634251700430312500,633,484,2.2,1,1,633,497,2.2,1,1,633,471,2.2,False
18453.125,634251700430468750,586,484,2.8,1,1,581,498,2.8,1,1,591,471,2.8,False
18484.375,634251700430781250,578,485,2.5,1,1,579,498,2.8,1,1,578,472,2.2,False
18500,634251700430937500,574,485,2.2,1,1,572,498,2.2,1,1,577,473,2.2,False
18515.625,634251700431093750,573,485,2.8,1,1,570,498,2.8,1,1,577,473,2.8,False
18546.875,634251700431406250,570,517,2.8,1,1,568,549,2.8,1,1,572,485,2.8,False
18562.5,634251700431562500,487,529,2.5,1,1,484,568,2.2,1,1,490,491,2.8,False
18578.125,634251700431718750,317,532,2.8,1,1,326,570,2.8,1,1,309,495,2.8,False
18609.375,634251700432031250,308,569,2.8,1,1,310,626,2.8,1,1,307,513,2.8,False
18625,634251700432187500,306,590,2.8,1,1,307,626,2.8,1,1,305,554,2.8,False
18640.625,634251700432343750,306,598,2.5,1,1,307,626,2.2,1,1,305,570,2.8,False
18671.875,634251700432656250,301,602,2.8,1,1,303,634,2.8,1,1,299,571,2.8,False
18687.5,634251700432812500,300,603,2.8,1,1,302,634,2.8,1,1,299,572,2.8,False
18703.125,634251700432968750,300,604,2.8,1,1,302,634,2.8,1,1,299,574,2.8,False
18734.375,634251700433281250,301,605,2.8,1,1,303,634,2.8,1,1,299,576,2.8,False
18750,634251700433437500,300,602,2.8,1,1,302,630,2.8,1,1,299,574,2.8,False
18765.625,634251700433593750,301,604,2.8,1,1,304,634,2.8,1,1,299,574,2.8,False
18796.875,634251700433906250,303,605,2.8,1,1,307,635,2.8,1,1,299,576,2.8,False
18812.5,634251700434062500,304,605,2.8,1,1,307,635,2.8,1,1,302,576,2.8,False
18828.125,634251700434218750,305,603,2.8,1,1,309,635,2.8,1,1,302,572,2.8,False
18859.375,634251700434531250,325,607,2.8,1,1,322,639,2.8,1,1,329,576,2.8,False
18875,634251700434687500,327,610,2.8,1,1,325,644,2.8,1,1,330,576,2.8,False
18890.625,634251700434843750,328,610,2.8,1,1,325,644,2.8,1,1,331,576,2.8,False
18921.875,634251700435156250,328,616,2.8,1,1,325,649,2.8,1,1,332,583,2.8,False
18937.5,634251700435312500,329,619,2.8,1,1,326,654,2.8,1,1,332,584,2.8,False
18953.125,634251700435468750,331,619,2.8,1,1,330,654,2.8,1,1,332,584,2.8,False
18984.375,634251700435781250,331,619,2.8,1,1,330,654,2.8,1,1,332,584,2.8,False
19000,634251700435937500,331,615,2.8,1,1,330,650,2.8,1,1,332,580,2.8,False
19015.625,634251700436093750,331,615,2.8,1,1,330,650,2.8,1,1,332,580,2.8,False
19046.875,634251700436406250,331,617,2.8,1,1,330,650,2.8,1,1,332,584,2.8,False
19062.5,634251700436562500,331,615,2.8,1,1,331,646,2.8,1,1,332,584,2.8,False
19078.125,634251700436718750,331,611,2.8,1,1,331,639,2.8,1,1,332,584,2.8,False
19109.375,634251700437031250,331,615,2.8,1,1,331,646,2.8,1,1,332,585,2.8,False
19125,634251700437187500,332,612,2.8,1,1,333,639,2.8,1,1,332,585,2.8,False
19140.625,634251700437343750,332,612,2.8,1,1,333,639,2.8,1,1,332,585,2.8,False
19171.875,634251700437656250,338,616,2.8,1,1,338,646,2.8,1,1,338,587,2.8,False
19187.5,634251700437812500,343,631,2.8,1,1,345,650,2.8,1,1,342,613,2.8,False
19203.125,634251700437968750,344,639,2.8,1,1,346,639,2.8,1,1,343,639,2.8,False
19234.375,634251700438281250,347,642,2.8,1,1,346,639,2.8,1,1,348,646,2.8,False
19250,634251700438437500,350,664,2.8,1,1,347,682,2.8,1,1,353,646,2.8,False
19265.625,634251700438593750,350,669,2.8,1,1,348,692,2.8,1,1,353,646,2.8,False
19296.875,634251700438906250,352,669,2.8,1,1,352,693,2.8,1,1,353,646,2.8,False
19312.5,634251700439062500,354,666,2.8,1,1,356,693,2.8,1,1,353,639,2.8,False
19328.125,634251700439218750,354,666,2.8,1,1,356,693,2.8,1,1,353,639,2.8,False
19359.375,634251700439531250,354,663,2.8,1,1,356,698,2.8,1,1,353,629,2.8,False
19375,634251700439687500,354,663,2.8,1,1,356,698,2.8,1,1,352,629,2.8,False
19390.625,634251700439843750,352,670,2.8,1,1,353,701,2.8,1,1,352,639,2.8,False
19421.875,634251700440156250,352,665,2.5,1,1,353,701,2.8,1,1,352,629,2.2,False
19437.5,634251700440312500,353,664,2.8,1,1,354,701,2.8,1,1,352,628,2.8,False
19453.125,634251700440468750,352,665,2.8,1,1,353,701,2.8,1,1,352,629,2.8,False
19484.375,634251700440781250,351,665,2.8,1,1,351,701,2.8,1,1,352,629,2.8,False
19500,634251700440937500,352,669,2.8,1,1,351,703,2.8,1,1,354,635,2.8,False
19515.625,634251700441093750,353,669,2.8,1,1,351,703,2.8,1,1,356,635,2.8,False
19546.875,634251700441406250,355,669,2.8,1,1,353,703,2.8,1,1,358,635,2.8,False
19562.5,634251700441562500,357,670,2.8,1,1,354,705,2.8,1,1,360,635,2.8,False
19578.125,634251700441718750,377,662,2.8,1,1,393,708,2.8,1,1,362,616,2.8,False
19609.375,634251700442031250,434,656,2.8,1,1,432,705,2.8,1,1,436,608,2.8,False
19625,634251700442187500,436,660,2.8,1,1,434,705,2.8,1,1,438,616,2.8,False
19640.625,634251700442343750,436,663,2.8,1,1,434,708,2.8,1,1,438,619,2.8,False
19671.875,634251700442656250,437,662,2.5,1,1,436,708,2.2,1,1,438,616,2.8,False
19687.5,634251700442812500,438,662,2.8,1,1,437,708,2.8,1,1,440,616,2.8,False
19703.125,634251700442968750,438,660,2.8,1,1,437,705,2.8,1,1,440,616,2.8,False
19734.375,634251700443281250,439,648,2.8,1,1,441,678,2.8,1,1,438,619,2.8,False
19750,634251700443437500,439,666,2.8,1,1,441,705,2.8,1,1,438,628,2.8,False
19765.625,634251700443593750,440,668,2.8,1,1,441,708,2.8,1,1,440,629,2.8,False
19796.875,634251700443906250,441,653,2.8,1,1,442,678,2.8,1,1,440,629,2.8,False
19812.5,634251700444062500,440,656,2.8,1,1,443,680,2.8,1,1,438,632,2.8,False
19828.125,634251700444218750,441,666,2.8,1,1,445,700,2.8,1,1,438,632,2.8,False
19859.375,634251700444531250,441,656,2.8,1,1,445,680,2.8,1,1,438,632,2.8,False
19875,634251700444687500,441,656,2.8,1,1,445,680,2.8,1,1,438,632,2.8,False
19890.625,634251700444843750,441,656,2.8,1,1,445,680,2.8,1,1,438,632,2.8,False
19921.875,634251700445156250,441,656,2.8,1,1,444,680,2.8,1,1,439,632,2.8,False
19937.5,634251700445312500,441,654,2.8,1,1,443,680,2.8,1,1,439,629,2.8,False
19953.125,634251700445468750,440,654,2.8,1,1,443,679,2.8,1,1,438,629,2.8,False
19984.375,634251700445781250,439,644,2.8,1,1,443,657,2.8,1,1,435,632,2.8,False
20000,634251700445937500,439,644,2.8,1,1,443,657,2.8,1,1,435,632,2.8,False
20015.625,634251700446093750,440,645,2.8,1,1,443,648,2.8,1,1,437,642,2.8,False
20046.875,634251700446406250,441,644,2.8,1,1,443,646,2.8,1,1,439,642,2.8,False
20062.5,634251700446562500,443,645,2.8,1,1,443,648,2.8,1,1,444,643,2.8,False
20078.125,634251700446718750,445,650,2.5,1,1,443,657,2.8,1,1,447,643,2.2,False
20109.375,634251700447031250,446,649,2.5,1,1,446,657,2.8,1,1,447,642,2.2,False
20125,634251700447187500,449,653,2.8,1,1,450,662,2.8,1,1,449,644,2.8,False
20140.625,634251700447343750,570,644,2.8,1,1,563,644,2.8,1,1,578,644,2.8,False
20171.875,634251700447656250,577,652,2.8,1,1,575,662,2.8,1,1,580,642,2.8,False
20187.5,634251700447812500,578,660,2.8,1,1,577,679,2.8,1,1,580,642,2.8,False
20203.125,634251700447968750,581,660,2.8,1,1,581,679,2.8,1,1,582,642,2.8,False
20234.375,634251700448281250,-9999,-9999,2.8,1,1,583,681,2.8,1,0,582,642,2.8,True
20250,634251700448437500,584,666,2.8,1,1,583,681,2.8,1,1,586,652,2.8,False
20265.625,634251700448593750,-9999,-9999,2.8,1,1,583,681,2.8,1,0,586,652,2.8,True
20296.875,634251700448906250,587,673,2.8,1,1,583,690,2.8,1,1,592,656,2.8,False
20312.5,634251700449062500,587,668,2.8,1,1,583,681,2.8,1,1,592,656,2.8,False
20328.125,634251700449218750,586,673,2.8,1,1,583,690,2.8,1,1,590,656,2.8,False
20359.375,634251700449531250,584,676,2.8,1,1,583,696,2.8,1,1,586,656,2.8,False
20375,634251700449687500,584,680,2.8,1,1,582,704,2.8,1,1,586,656,2.8,False
20390.625,634251700449843750,583,690,2.8,1,1,581,716,2.8,1,1,586,664,2.8,False
20421.875,634251700450156250,582,688,2.8,1,1,581,716,2.8,1,1,583,661,2.8,False
20437.5,634251700450312500,526,691,2.8,1,1,523,721,2.8,1,1,530,661,2.8,False
20453.125,634251700450468750,447,693,2.8,1,1,440,723,2.8,1,1,454,663,2.8,False
20484.375,634251700450781250,436,699,2.8,1,1,433,735,2.8,1,1,440,663,2.8,False
20500,634251700450937500,434,694,2.8,1,1,433,723,2.8,1,1,435,666,2.8,False
20515.625,634251700451093750,434,697,2.8,1,1,433,723,2.8,1,1,435,672,2.8,False
20546.875,634251700451406250,433,705,2.8,1,1,433,735,2.8,1,1,434,675,2.8,False
20562.5,634251700451562500,433,705,2.8,1,1,433,735,2.8,1,1,433,675,2.8,False
20578.125,634251700451718750,433,705,2.8,1,1,434,735,2.8,1,1,433,676,2.8,False
20609.375,634251700452031250,434,706,2.5,1,1,435,736,2.2,1,1,433,676,2.8,False
20625,634251700452187500,-9999,-9999,2.5,1,1,437,745,2.2,1,0,433,676,2.8,True
20640.625,634251700452343750,438,718,2.5,1,1,442,748,2.2,1,1,435,688,2.8,False
20671.875,634251700452656250,600,731,2.5,1,1,598,736,2.2,1,1,602,726,2.8,False
20687.5,634251700452812500,644,733,2.5,1,1,641,736,2.2,1,1,647,731,2.8,False
20703.125,634251700452968750,648,736,2.5,1,1,645,736,2.2,1,1,652,737,2.8,False
20734.375,634251700453281250,649,751,2.8,1,1,647,762,2.8,1,1,652,741,2.8,False
20750,634251700453437500,651,753,2.8,1,1,650,766,2.8,1,1,652,741,2.8,False
20765.625,634251700453593750,652,766,2.8,1,1,653,778,2.8,1,1,652,754,2.8,False
20796.875,634251700453906250,652,769,2.8,1,1,653,785,2.8,1,1,652,754,2.8,False
20812.5,634251700454062500,652,769,2.8,1,1,653,785,2.8,1,1,652,754,2.8,False
20828.125,634251700454218750,652,769,2.8,1,1,653,785,2.8,1,1,651,754,2.8,False
20859.375,634251700454531250,654,769,2.8,1,1,658,785,2.8,1,1,650,754,2.8,False
20875,634251700454687500,654,769,2.5,1,1,658,785,2.2,1,1,650,754,2.8,False
20890.625,634251700454843750,654,771,2.8,1,1,658,789,2.8,1,1,650,754,2.8,False
20921.875,634251700455156250,654,772,2.8,1,1,658,790,2.8,1,1,650,754,2.8,False
20937.5,634251700455312500,-9999,-9999,2.8,1,1,653,792,2.8,1,0,650,754,2.8,True
20953.125,634251700455468750,651,771,2.8,1,1,653,792,2.8,1,1,649,750,2.8,False
20984.375,634251700455781250,-9999,-9999,2.8,1,1,653,790,2.8,1,0,649,750,2.8,True
21000,634251700455937500,-9999,-9999,2.8,1,1,653,790,2.8,1,0,649,750,2.8,True
21015.625,634251700456093750,-9999,-9999,2.8,1,1,659,790,2.8,1,0,649,750,2.8,True
21046.875,634251700456406250,658,758,2.8,1,1,659,780,2.8,1,1,657,737,2.8,False
21062.5,634251700456562500,702,752,2.8,1,1,701,772,2.8,1,1,704,732,2.8,False
21078.125,634251700456718750,703,731,2.8,1,1,702,732,2.8,1,1,705,731,2.8,False
21109.375,634251700457031250,-9999,-9999,2.8,1,1,702,725,2.8,1,0,705,731,2.8,True
21125,634251700457187500,706,719,2.8,1,1,704,721,2.8,1,1,709,718,2.8,False
21140.625,634251700457343750,706,715,2.8,1,1,704,718,2.8,1,1,709,713,2.8,False
21171.875,634251700457656250,-9999,-9999,2.8,1,1,704,718,2.8,1,0,709,713,2.8,True
21187.5,634251700457812500,707,698,2.8,1,1,703,718,2.8,1,1,711,679,2.8,False
21203.125,634251700457968750,706,697,2.8,1,1,702,718,2.8,1,1,711,676,2.8,False
21234.375,634251700458281250,-9999,-9999,2.8,1,1,702,718,2.8,1,0,711,676,2.8,True
21250,634251700458437500,705,698,2.8,1,1,702,718,2.8,1,1,709,679,2.8,False
21265.625,634251700458593750,706,699,2.8,1,1,703,718,2.8,1,1,709,680,2.8,False
21296.875,634251700458906250,706,704,2.8,1,1,704,718,2.8,1,1,709,690,2.8,False
21312.5,634251700459062500,707,699,2.8,1,1,704,718,2.8,1,1,711,680,2.8,False
21328.125,634251700459218750,707,699,2.8,1,1,703,718,2.8,1,1,712,680,2.8,False
21359.375,634251700459531250,707,698,2.8,1,1,702,717,2.8,1,1,712,680,2.8,False
21375,634251700459687500,-9999,-9999,2.8,1,1,704,714,2.8,1,0,712,680,2.8,True
21406.25,634251700460000000,706,697,2.8,1,1,704,714,2.8,1,1,709,680,2.8,False
21421.875,634251700460156250,707,698,2.8,1,1,705,717,2.8,1,1,709,680,2.8,False
21437.5,634251700460312500,706,696,2.8,1,1,704,712,2.8,1,1,708,680,2.8,False
21453.125,634251700460468750,704,696,2.8,1,1,700,712,2.8,1,1,708,680,2.8,False
21484.375,634251700460781250,-9999,-9999,2.8,1,1,700,712,2.8,1,0,708,680,2.8,True
21500,634251700460937500,-9999,-9999,2.8,1,1,700,712,2.8,1,0,708,680,2.8,True
21515.625,634251700461093750,-9999,-9999,2.8,1,1,700,712,2.8,1,0,708,680,2.8,True
21546.875,634251700461406250,-9999,-9999,2.8,1,1,705,712,2.8,1,0,708,680,2.8,True
21562.5,634251700461562500,705,711,2.8,1,1,705,712,2.8,1,1,706,710,2.8,False
21578.125,634251700461718750,705,716,2.8,1,1,705,723,2.8,1,1,706,710,2.8,False
21609.375,634251700462031250,705,724,2.8,1,1,705,725,2.8,1,1,706,723,2.8,False
21625,634251700462187500,702,726,2.8,1,1,700,726,2.8,1,1,705,726,2.8,False
21640.625,634251700462343750,702,959,2.8,1,1,700,1003,2.8,1,1,705,942,2.8,False
21671.875,634251700462656250,-9999,-9999,2.8,1,1,700,1309,2.8,1,0,705,942,2.8,True
21687.5,634251700462812500,647,959,2.8,1,1,660,1417,2.8,1,1,635,1419,2.8,False
21703.125,634251700462968750,639,959,2.8,1,1,648,1419,2.8,1,1,631,1436,2.8,False
21734.375,634251700463281250,617,959,2.8,1,1,648,1421,2.8,1,1,586,1440,2.8,False
21750,634251700463437500,615,959,2.8,1,1,648,1422,2.8,1,1,582,1445,2.8,False
21765.625,634251700463593750,614,959,2.8,1,1,648,1422,2.8,1,1,581,1445,2.8,False
21796.875,634251700463906250,614,959,2.8,1,1,648,1422,2.8,1,1,581,1445,2.8,False
21812.5,634251700464062500,614,959,2.8,1,1,648,1421,2.8,1,1,581,1445,2.8,False
21828.125,634251700464218750,617,959,2.8,1,1,649,1420,2.8,1,1,586,1440,2.8,False
21859.375,634251700464531250,622,959,2.8,1,1,649,1420,2.8,1,1,596,1436,2.8,False
21875,634251700464687500,622,959,2.5,1,1,649,1420,2.8,1,1,596,1436,2.2,False
21890.625,634251700464843750,-9999,-9999,2.5,1,1,649,1415,2.8,1,0,596,1436,2.2,True
21921.875,634251700465156250,-9999,-9999,2.5,1,1,649,1407,2.8,1,0,596,1436,2.2,True
21937.5,634251700465312500,-9999,-9999,2.8,1,0,649,1407,2.8,1,1,623,1395,2.8,True
21968.75,634251700465625000,632,959,2.8,1,1,642,1232,2.8,1,1,623,1258,2.8,False
21984.375,634251700465781250,-9999,-9999,2.8,1,1,630,908,2.8,1,0,623,1258,2.8,True
22000,634251700465937500,620,755,2.8,1,1,622,755,2.8,1,1,618,755,2.8,False
22015.625,634251700466093750,-9999,-9999,2.8,1,1,618,728,2.8,1,0,618,755,2.8,True
22046.875,634251700466406250,612,706,2.8,1,1,612,728,2.8,1,1,612,684,2.8,False
